,n,k
0,0.1,0.0
1,0.1,0.1
2,0.1,0.2
3,0.1,0.30000000000000004
4,0.1,0.4
5,0.1,0.5
6,0.1,0.6000000000000001
7,0.1,0.7000000000000001
8,0.1,0.8
9,0.1,0.9
10,0.1,1.0
11,0.1,1.1
12,0.1,1.2000000000000002
13,0.1,1.3
14,0.1,1.4000000000000001
15,0.1,1.5
16,0.1,1.6
17,0.1,1.7000000000000002
18,0.1,1.8
19,0.1,1.9000000000000001
20,0.1,2.0
21,0.1,2.1
22,0.1,2.2
23,0.1,2.3000000000000003
24,0.1,2.4000000000000004
25,0.1,2.5
26,0.1,2.6
27,0.1,2.7
28,0.1,2.8000000000000003
29,0.1,2.9000000000000004
30,0.1,3.0
31,0.1,3.1
32,0.1,3.2
33,0.1,3.3000000000000003
34,0.1,3.4000000000000004
35,0.1,3.5
36,0.1,3.6
37,0.1,3.7
38,0.1,3.8000000000000003
39,0.1,3.9000000000000004
40,0.1,4.0
41,0.1,4.1000000000000005
42,0.1,4.2
43,0.1,4.3
44,0.1,4.4
45,0.1,4.5
46,0.1,4.6000000000000005
47,0.1,4.7
48,0.1,4.800000000000001
49,0.1,4.9
50,0.1,5.0
51,0.2,0.0
52,0.2,0.1
53,0.2,0.2
54,0.2,0.30000000000000004
55,0.2,0.4
56,0.2,0.5
57,0.2,0.6000000000000001
58,0.2,0.7000000000000001
59,0.2,0.8
60,0.2,0.9
61,0.2,1.0
62,0.2,1.1
63,0.2,1.2000000000000002
64,0.2,1.3
65,0.2,1.4000000000000001
66,0.2,1.5
67,0.2,1.6
68,0.2,1.7000000000000002
69,0.2,1.8
70,0.2,1.9000000000000001
71,0.2,2.0
72,0.2,2.1
73,0.2,2.2
74,0.2,2.3000000000000003
75,0.2,2.4000000000000004
76,0.2,2.5
77,0.2,2.6
78,0.2,2.7
79,0.2,2.8000000000000003
80,0.2,2.9000000000000004
81,0.2,3.0
82,0.2,3.1
83,0.2,3.2
84,0.2,3.3000000000000003
85,0.2,3.4000000000000004
86,0.2,3.5
87,0.2,3.6
88,0.2,3.7
89,0.2,3.8000000000000003
90,0.2,3.9000000000000004
91,0.2,4.0
92,0.2,4.1000000000000005
93,0.2,4.2
94,0.2,4.3
95,0.2,4.4
96,0.2,4.5
97,0.2,4.6000000000000005
98,0.2,4.7
99,0.2,4.800000000000001
100,0.2,4.9
101,0.2,5.0
102,0.30000000000000004,0.0
103,0.30000000000000004,0.1
104,0.30000000000000004,0.2
105,0.30000000000000004,0.30000000000000004
106,0.30000000000000004,0.4
107,0.30000000000000004,0.5
108,0.30000000000000004,0.6000000000000001
109,0.30000000000000004,0.7000000000000001
110,0.30000000000000004,0.8
111,0.30000000000000004,0.9
112,0.30000000000000004,1.0
113,0.30000000000000004,1.1
114,0.30000000000000004,1.2000000000000002
115,0.30000000000000004,1.3
116,0.30000000000000004,1.4000000000000001
117,0.30000000000000004,1.5
118,0.30000000000000004,1.6
119,0.30000000000000004,1.7000000000000002
120,0.30000000000000004,1.8
121,0.30000000000000004,1.9000000000000001
122,0.30000000000000004,2.0
123,0.30000000000000004,2.1
124,0.30000000000000004,2.2
125,0.30000000000000004,2.3000000000000003
126,0.30000000000000004,2.4000000000000004
127,0.30000000000000004,2.5
128,0.30000000000000004,2.6
129,0.30000000000000004,2.7
130,0.30000000000000004,2.8000000000000003
131,0.30000000000000004,2.9000000000000004
132,0.30000000000000004,3.0
133,0.30000000000000004,3.1
134,0.30000000000000004,3.2
135,0.30000000000000004,3.3000000000000003
136,0.30000000000000004,3.4000000000000004
137,0.30000000000000004,3.5
138,0.30000000000000004,3.6
139,0.30000000000000004,3.7
140,0.30000000000000004,3.8000000000000003
141,0.30000000000000004,3.9000000000000004
142,0.30000000000000004,4.0
143,0.30000000000000004,4.1000000000000005
144,0.30000000000000004,4.2
145,0.30000000000000004,4.3
146,0.30000000000000004,4.4
147,0.30000000000000004,4.5
148,0.30000000000000004,4.6000000000000005
149,0.30000000000000004,4.7
150,0.30000000000000004,4.800000000000001
151,0.30000000000000004,4.9
152,0.30000000000000004,5.0
153,0.4,0.0
154,0.4,0.1
155,0.4,0.2
156,0.4,0.30000000000000004
157,0.4,0.4
158,0.4,0.5
159,0.4,0.6000000000000001
160,0.4,0.7000000000000001
161,0.4,0.8
162,0.4,0.9
163,0.4,1.0
164,0.4,1.1
165,0.4,1.2000000000000002
166,0.4,1.3
167,0.4,1.4000000000000001
168,0.4,1.5
169,0.4,1.6
170,0.4,1.7000000000000002
171,0.4,1.8
172,0.4,1.9000000000000001
173,0.4,2.0
174,0.4,2.1
175,0.4,2.2
176,0.4,2.3000000000000003
177,0.4,2.4000000000000004
178,0.4,2.5
179,0.4,2.6
180,0.4,2.7
181,0.4,2.8000000000000003
182,0.4,2.9000000000000004
183,0.4,3.0
184,0.4,3.1
185,0.4,3.2
186,0.4,3.3000000000000003
187,0.4,3.4000000000000004
188,0.4,3.5
189,0.4,3.6
190,0.4,3.7
191,0.4,3.8000000000000003
192,0.4,3.9000000000000004
193,0.4,4.0
194,0.4,4.1000000000000005
195,0.4,4.2
196,0.4,4.3
197,0.4,4.4
198,0.4,4.5
199,0.4,4.6000000000000005
200,0.4,4.7
201,0.4,4.800000000000001
202,0.4,4.9
203,0.4,5.0
204,0.5,0.0
205,0.5,0.1
206,0.5,0.2
207,0.5,0.30000000000000004
208,0.5,0.4
209,0.5,0.5
210,0.5,0.6000000000000001
211,0.5,0.7000000000000001
212,0.5,0.8
213,0.5,0.9
214,0.5,1.0
215,0.5,1.1
216,0.5,1.2000000000000002
217,0.5,1.3
218,0.5,1.4000000000000001
219,0.5,1.5
220,0.5,1.6
221,0.5,1.7000000000000002
222,0.5,1.8
223,0.5,1.9000000000000001
224,0.5,2.0
225,0.5,2.1
226,0.5,2.2
227,0.5,2.3000000000000003
228,0.5,2.4000000000000004
229,0.5,2.5
230,0.5,2.6
231,0.5,2.7
232,0.5,2.8000000000000003
233,0.5,2.9000000000000004
234,0.5,3.0
235,0.5,3.1
236,0.5,3.2
237,0.5,3.3000000000000003
238,0.5,3.4000000000000004
239,0.5,3.5
240,0.5,3.6
241,0.5,3.7
242,0.5,3.8000000000000003
243,0.5,3.9000000000000004
244,0.5,4.0
245,0.5,4.1000000000000005
246,0.5,4.2
247,0.5,4.3
248,0.5,4.4
249,0.5,4.5
250,0.5,4.6000000000000005
251,0.5,4.7
252,0.5,4.800000000000001
253,0.5,4.9
254,0.5,5.0
255,0.6,0.0
256,0.6,0.1
257,0.6,0.2
258,0.6,0.30000000000000004
259,0.6,0.4
260,0.6,0.5
261,0.6,0.6000000000000001
262,0.6,0.7000000000000001
263,0.6,0.8
264,0.6,0.9
265,0.6,1.0
266,0.6,1.1
267,0.6,1.2000000000000002
268,0.6,1.3
269,0.6,1.4000000000000001
270,0.6,1.5
271,0.6,1.6
272,0.6,1.7000000000000002
273,0.6,1.8
274,0.6,1.9000000000000001
275,0.6,2.0
276,0.6,2.1
277,0.6,2.2
278,0.6,2.3000000000000003
279,0.6,2.4000000000000004
280,0.6,2.5
281,0.6,2.6
282,0.6,2.7
283,0.6,2.8000000000000003
284,0.6,2.9000000000000004
285,0.6,3.0
286,0.6,3.1
287,0.6,3.2
288,0.6,3.3000000000000003
289,0.6,3.4000000000000004
290,0.6,3.5
291,0.6,3.6
292,0.6,3.7
293,0.6,3.8000000000000003
294,0.6,3.9000000000000004
295,0.6,4.0
296,0.6,4.1000000000000005
297,0.6,4.2
298,0.6,4.3
299,0.6,4.4
300,0.6,4.5
301,0.6,4.6000000000000005
302,0.6,4.7
303,0.6,4.800000000000001
304,0.6,4.9
305,0.6,5.0
306,0.7000000000000001,0.0
307,0.7000000000000001,0.1
308,0.7000000000000001,0.2
309,0.7000000000000001,0.30000000000000004
310,0.7000000000000001,0.4
311,0.7000000000000001,0.5
312,0.7000000000000001,0.6000000000000001
313,0.7000000000000001,0.7000000000000001
314,0.7000000000000001,0.8
315,0.7000000000000001,0.9
316,0.7000000000000001,1.0
317,0.7000000000000001,1.1
318,0.7000000000000001,1.2000000000000002
319,0.7000000000000001,1.3
320,0.7000000000000001,1.4000000000000001
321,0.7000000000000001,1.5
322,0.7000000000000001,1.6
323,0.7000000000000001,1.7000000000000002
324,0.7000000000000001,1.8
325,0.7000000000000001,1.9000000000000001
326,0.7000000000000001,2.0
327,0.7000000000000001,2.1
328,0.7000000000000001,2.2
329,0.7000000000000001,2.3000000000000003
330,0.7000000000000001,2.4000000000000004
331,0.7000000000000001,2.5
332,0.7000000000000001,2.6
333,0.7000000000000001,2.7
334,0.7000000000000001,2.8000000000000003
335,0.7000000000000001,2.9000000000000004
336,0.7000000000000001,3.0
337,0.7000000000000001,3.1
338,0.7000000000000001,3.2
339,0.7000000000000001,3.3000000000000003
340,0.7000000000000001,3.4000000000000004
341,0.7000000000000001,3.5
342,0.7000000000000001,3.6
343,0.7000000000000001,3.7
344,0.7000000000000001,3.8000000000000003
345,0.7000000000000001,3.9000000000000004
346,0.7000000000000001,4.0
347,0.7000000000000001,4.1000000000000005
348,0.7000000000000001,4.2
349,0.7000000000000001,4.3
350,0.7000000000000001,4.4
351,0.7000000000000001,4.5
352,0.7000000000000001,4.6000000000000005
353,0.7000000000000001,4.7
354,0.7000000000000001,4.800000000000001
355,0.7000000000000001,4.9
356,0.7000000000000001,5.0
357,0.8,0.0
358,0.8,0.1
359,0.8,0.2
360,0.8,0.30000000000000004
361,0.8,0.4
362,0.8,0.5
363,0.8,0.6000000000000001
364,0.8,0.7000000000000001
365,0.8,0.8
366,0.8,0.9
367,0.8,1.0
368,0.8,1.1
369,0.8,1.2000000000000002
370,0.8,1.3
371,0.8,1.4000000000000001
372,0.8,1.5
373,0.8,1.6
374,0.8,1.7000000000000002
375,0.8,1.8
376,0.8,1.9000000000000001
377,0.8,2.0
378,0.8,2.1
379,0.8,2.2
380,0.8,2.3000000000000003
381,0.8,2.4000000000000004
382,0.8,2.5
383,0.8,2.6
384,0.8,2.7
385,0.8,2.8000000000000003
386,0.8,2.9000000000000004
387,0.8,3.0
388,0.8,3.1
389,0.8,3.2
390,0.8,3.3000000000000003
391,0.8,3.4000000000000004
392,0.8,3.5
393,0.8,3.6
394,0.8,3.7
395,0.8,3.8000000000000003
396,0.8,3.9000000000000004
397,0.8,4.0
398,0.8,4.1000000000000005
399,0.8,4.2
400,0.8,4.3
401,0.8,4.4
402,0.8,4.5
403,0.8,4.6000000000000005
404,0.8,4.7
405,0.8,4.800000000000001
406,0.8,4.9
407,0.8,5.0
408,0.9,0.0
409,0.9,0.1
410,0.9,0.2
411,0.9,0.30000000000000004
412,0.9,0.4
413,0.9,0.5
414,0.9,0.6000000000000001
415,0.9,0.7000000000000001
416,0.9,0.8
417,0.9,0.9
418,0.9,1.0
419,0.9,1.1
420,0.9,1.2000000000000002
421,0.9,1.3
422,0.9,1.4000000000000001
423,0.9,1.5
424,0.9,1.6
425,0.9,1.7000000000000002
426,0.9,1.8
427,0.9,1.9000000000000001
428,0.9,2.0
429,0.9,2.1
430,0.9,2.2
431,0.9,2.3000000000000003
432,0.9,2.4000000000000004
433,0.9,2.5
434,0.9,2.6
435,0.9,2.7
436,0.9,2.8000000000000003
437,0.9,2.9000000000000004
438,0.9,3.0
439,0.9,3.1
440,0.9,3.2
441,0.9,3.3000000000000003
442,0.9,3.4000000000000004
443,0.9,3.5
444,0.9,3.6
445,0.9,3.7
446,0.9,3.8000000000000003
447,0.9,3.9000000000000004
448,0.9,4.0
449,0.9,4.1000000000000005
450,0.9,4.2
451,0.9,4.3
452,0.9,4.4
453,0.9,4.5
454,0.9,4.6000000000000005
455,0.9,4.7
456,0.9,4.800000000000001
457,0.9,4.9
458,0.9,5.0
459,1.0,0.0
460,1.0,0.1
461,1.0,0.2
462,1.0,0.30000000000000004
463,1.0,0.4
464,1.0,0.5
465,1.0,0.6000000000000001
466,1.0,0.7000000000000001
467,1.0,0.8
468,1.0,0.9
469,1.0,1.0
470,1.0,1.1
471,1.0,1.2000000000000002
472,1.0,1.3
473,1.0,1.4000000000000001
474,1.0,1.5
475,1.0,1.6
476,1.0,1.7000000000000002
477,1.0,1.8
478,1.0,1.9000000000000001
479,1.0,2.0
480,1.0,2.1
481,1.0,2.2
482,1.0,2.3000000000000003
483,1.0,2.4000000000000004
484,1.0,2.5
485,1.0,2.6
486,1.0,2.7
487,1.0,2.8000000000000003
488,1.0,2.9000000000000004
489,1.0,3.0
490,1.0,3.1
491,1.0,3.2
492,1.0,3.3000000000000003
493,1.0,3.4000000000000004
494,1.0,3.5
495,1.0,3.6
496,1.0,3.7
497,1.0,3.8000000000000003
498,1.0,3.9000000000000004
499,1.0,4.0
500,1.0,4.1000000000000005
501,1.0,4.2
502,1.0,4.3
503,1.0,4.4
504,1.0,4.5
505,1.0,4.6000000000000005
506,1.0,4.7
507,1.0,4.800000000000001
508,1.0,4.9
509,1.0,5.0
510,1.1,0.0
511,1.1,0.1
512,1.1,0.2
513,1.1,0.30000000000000004
514,1.1,0.4
515,1.1,0.5
516,1.1,0.6000000000000001
517,1.1,0.7000000000000001
518,1.1,0.8
519,1.1,0.9
520,1.1,1.0
521,1.1,1.1
522,1.1,1.2000000000000002
523,1.1,1.3
524,1.1,1.4000000000000001
525,1.1,1.5
526,1.1,1.6
527,1.1,1.7000000000000002
528,1.1,1.8
529,1.1,1.9000000000000001
530,1.1,2.0
531,1.1,2.1
532,1.1,2.2
533,1.1,2.3000000000000003
534,1.1,2.4000000000000004
535,1.1,2.5
536,1.1,2.6
537,1.1,2.7
538,1.1,2.8000000000000003
539,1.1,2.9000000000000004
540,1.1,3.0
541,1.1,3.1
542,1.1,3.2
543,1.1,3.3000000000000003
544,1.1,3.4000000000000004
545,1.1,3.5
546,1.1,3.6
547,1.1,3.7
548,1.1,3.8000000000000003
549,1.1,3.9000000000000004
550,1.1,4.0
551,1.1,4.1000000000000005
552,1.1,4.2
553,1.1,4.3
554,1.1,4.4
555,1.1,4.5
556,1.1,4.6000000000000005
557,1.1,4.7
558,1.1,4.800000000000001
559,1.1,4.9
560,1.1,5.0
561,1.2000000000000002,0.0
562,1.2000000000000002,0.1
563,1.2000000000000002,0.2
564,1.2000000000000002,0.30000000000000004
565,1.2000000000000002,0.4
566,1.2000000000000002,0.5
567,1.2000000000000002,0.6000000000000001
568,1.2000000000000002,0.7000000000000001
569,1.2000000000000002,0.8
570,1.2000000000000002,0.9
571,1.2000000000000002,1.0
572,1.2000000000000002,1.1
573,1.2000000000000002,1.2000000000000002
574,1.2000000000000002,1.3
575,1.2000000000000002,1.4000000000000001
576,1.2000000000000002,1.5
577,1.2000000000000002,1.6
578,1.2000000000000002,1.7000000000000002
579,1.2000000000000002,1.8
580,1.2000000000000002,1.9000000000000001
581,1.2000000000000002,2.0
582,1.2000000000000002,2.1
583,1.2000000000000002,2.2
584,1.2000000000000002,2.3000000000000003
585,1.2000000000000002,2.4000000000000004
586,1.2000000000000002,2.5
587,1.2000000000000002,2.6
588,1.2000000000000002,2.7
589,1.2000000000000002,2.8000000000000003
590,1.2000000000000002,2.9000000000000004
591,1.2000000000000002,3.0
592,1.2000000000000002,3.1
593,1.2000000000000002,3.2
594,1.2000000000000002,3.3000000000000003
595,1.2000000000000002,3.4000000000000004
596,1.2000000000000002,3.5
597,1.2000000000000002,3.6
598,1.2000000000000002,3.7
599,1.2000000000000002,3.8000000000000003
600,1.2000000000000002,3.9000000000000004
601,1.2000000000000002,4.0
602,1.2000000000000002,4.1000000000000005
603,1.2000000000000002,4.2
604,1.2000000000000002,4.3
605,1.2000000000000002,4.4
606,1.2000000000000002,4.5
607,1.2000000000000002,4.6000000000000005
608,1.2000000000000002,4.7
609,1.2000000000000002,4.800000000000001
610,1.2000000000000002,4.9
611,1.2000000000000002,5.0
612,1.3000000000000003,0.0
613,1.3000000000000003,0.1
614,1.3000000000000003,0.2
615,1.3000000000000003,0.30000000000000004
616,1.3000000000000003,0.4
617,1.3000000000000003,0.5
618,1.3000000000000003,0.6000000000000001
619,1.3000000000000003,0.7000000000000001
620,1.3000000000000003,0.8
621,1.3000000000000003,0.9
622,1.3000000000000003,1.0
623,1.3000000000000003,1.1
624,1.3000000000000003,1.2000000000000002
625,1.3000000000000003,1.3
626,1.3000000000000003,1.4000000000000001
627,1.3000000000000003,1.5
628,1.3000000000000003,1.6
629,1.3000000000000003,1.7000000000000002
630,1.3000000000000003,1.8
631,1.3000000000000003,1.9000000000000001
632,1.3000000000000003,2.0
633,1.3000000000000003,2.1
634,1.3000000000000003,2.2
635,1.3000000000000003,2.3000000000000003
636,1.3000000000000003,2.4000000000000004
637,1.3000000000000003,2.5
638,1.3000000000000003,2.6
639,1.3000000000000003,2.7
640,1.3000000000000003,2.8000000000000003
641,1.3000000000000003,2.9000000000000004
642,1.3000000000000003,3.0
643,1.3000000000000003,3.1
644,1.3000000000000003,3.2
645,1.3000000000000003,3.3000000000000003
646,1.3000000000000003,3.4000000000000004
647,1.3000000000000003,3.5
648,1.3000000000000003,3.6
649,1.3000000000000003,3.7
650,1.3000000000000003,3.8000000000000003
651,1.3000000000000003,3.9000000000000004
652,1.3000000000000003,4.0
653,1.3000000000000003,4.1000000000000005
654,1.3000000000000003,4.2
655,1.3000000000000003,4.3
656,1.3000000000000003,4.4
657,1.3000000000000003,4.5
658,1.3000000000000003,4.6000000000000005
659,1.3000000000000003,4.7
660,1.3000000000000003,4.800000000000001
661,1.3000000000000003,4.9
662,1.3000000000000003,5.0
663,1.4000000000000001,0.0
664,1.4000000000000001,0.1
665,1.4000000000000001,0.2
666,1.4000000000000001,0.30000000000000004
667,1.4000000000000001,0.4
668,1.4000000000000001,0.5
669,1.4000000000000001,0.6000000000000001
670,1.4000000000000001,0.7000000000000001
671,1.4000000000000001,0.8
672,1.4000000000000001,0.9
673,1.4000000000000001,1.0
674,1.4000000000000001,1.1
675,1.4000000000000001,1.2000000000000002
676,1.4000000000000001,1.3
677,1.4000000000000001,1.4000000000000001
678,1.4000000000000001,1.5
679,1.4000000000000001,1.6
680,1.4000000000000001,1.7000000000000002
681,1.4000000000000001,1.8
682,1.4000000000000001,1.9000000000000001
683,1.4000000000000001,2.0
684,1.4000000000000001,2.1
685,1.4000000000000001,2.2
686,1.4000000000000001,2.3000000000000003
687,1.4000000000000001,2.4000000000000004
688,1.4000000000000001,2.5
689,1.4000000000000001,2.6
690,1.4000000000000001,2.7
691,1.4000000000000001,2.8000000000000003
692,1.4000000000000001,2.9000000000000004
693,1.4000000000000001,3.0
694,1.4000000000000001,3.1
695,1.4000000000000001,3.2
696,1.4000000000000001,3.3000000000000003
697,1.4000000000000001,3.4000000000000004
698,1.4000000000000001,3.5
699,1.4000000000000001,3.6
700,1.4000000000000001,3.7
701,1.4000000000000001,3.8000000000000003
702,1.4000000000000001,3.9000000000000004
703,1.4000000000000001,4.0
704,1.4000000000000001,4.1000000000000005
705,1.4000000000000001,4.2
706,1.4000000000000001,4.3
707,1.4000000000000001,4.4
708,1.4000000000000001,4.5
709,1.4000000000000001,4.6000000000000005
710,1.4000000000000001,4.7
711,1.4000000000000001,4.800000000000001
712,1.4000000000000001,4.9
713,1.4000000000000001,5.0
714,1.5000000000000002,0.0
715,1.5000000000000002,0.1
716,1.5000000000000002,0.2
717,1.5000000000000002,0.30000000000000004
718,1.5000000000000002,0.4
719,1.5000000000000002,0.5
720,1.5000000000000002,0.6000000000000001
721,1.5000000000000002,0.7000000000000001
722,1.5000000000000002,0.8
723,1.5000000000000002,0.9
724,1.5000000000000002,1.0
725,1.5000000000000002,1.1
726,1.5000000000000002,1.2000000000000002
727,1.5000000000000002,1.3
728,1.5000000000000002,1.4000000000000001
729,1.5000000000000002,1.5
730,1.5000000000000002,1.6
731,1.5000000000000002,1.7000000000000002
732,1.5000000000000002,1.8
733,1.5000000000000002,1.9000000000000001
734,1.5000000000000002,2.0
735,1.5000000000000002,2.1
736,1.5000000000000002,2.2
737,1.5000000000000002,2.3000000000000003
738,1.5000000000000002,2.4000000000000004
739,1.5000000000000002,2.5
740,1.5000000000000002,2.6
741,1.5000000000000002,2.7
742,1.5000000000000002,2.8000000000000003
743,1.5000000000000002,2.9000000000000004
744,1.5000000000000002,3.0
745,1.5000000000000002,3.1
746,1.5000000000000002,3.2
747,1.5000000000000002,3.3000000000000003
748,1.5000000000000002,3.4000000000000004
749,1.5000000000000002,3.5
750,1.5000000000000002,3.6
751,1.5000000000000002,3.7
752,1.5000000000000002,3.8000000000000003
753,1.5000000000000002,3.9000000000000004
754,1.5000000000000002,4.0
755,1.5000000000000002,4.1000000000000005
756,1.5000000000000002,4.2
757,1.5000000000000002,4.3
758,1.5000000000000002,4.4
759,1.5000000000000002,4.5
760,1.5000000000000002,4.6000000000000005
761,1.5000000000000002,4.7
762,1.5000000000000002,4.800000000000001
763,1.5000000000000002,4.9
764,1.5000000000000002,5.0
765,1.6,0.0
766,1.6,0.1
767,1.6,0.2
768,1.6,0.30000000000000004
769,1.6,0.4
770,1.6,0.5
771,1.6,0.6000000000000001
772,1.6,0.7000000000000001
773,1.6,0.8
774,1.6,0.9
775,1.6,1.0
776,1.6,1.1
777,1.6,1.2000000000000002
778,1.6,1.3
779,1.6,1.4000000000000001
780,1.6,1.5
781,1.6,1.6
782,1.6,1.7000000000000002
783,1.6,1.8
784,1.6,1.9000000000000001
785,1.6,2.0
786,1.6,2.1
787,1.6,2.2
788,1.6,2.3000000000000003
789,1.6,2.4000000000000004
790,1.6,2.5
791,1.6,2.6
792,1.6,2.7
793,1.6,2.8000000000000003
794,1.6,2.9000000000000004
795,1.6,3.0
796,1.6,3.1
797,1.6,3.2
798,1.6,3.3000000000000003
799,1.6,3.4000000000000004
800,1.6,3.5
801,1.6,3.6
802,1.6,3.7
803,1.6,3.8000000000000003
804,1.6,3.9000000000000004
805,1.6,4.0
806,1.6,4.1000000000000005
807,1.6,4.2
808,1.6,4.3
809,1.6,4.4
810,1.6,4.5
811,1.6,4.6000000000000005
812,1.6,4.7
813,1.6,4.800000000000001
814,1.6,4.9
815,1.6,5.0
816,1.7000000000000002,0.0
817,1.7000000000000002,0.1
818,1.7000000000000002,0.2
819,1.7000000000000002,0.30000000000000004
820,1.7000000000000002,0.4
821,1.7000000000000002,0.5
822,1.7000000000000002,0.6000000000000001
823,1.7000000000000002,0.7000000000000001
824,1.7000000000000002,0.8
825,1.7000000000000002,0.9
826,1.7000000000000002,1.0
827,1.7000000000000002,1.1
828,1.7000000000000002,1.2000000000000002
829,1.7000000000000002,1.3
830,1.7000000000000002,1.4000000000000001
831,1.7000000000000002,1.5
832,1.7000000000000002,1.6
833,1.7000000000000002,1.7000000000000002
834,1.7000000000000002,1.8
835,1.7000000000000002,1.9000000000000001
836,1.7000000000000002,2.0
837,1.7000000000000002,2.1
838,1.7000000000000002,2.2
839,1.7000000000000002,2.3000000000000003
840,1.7000000000000002,2.4000000000000004
841,1.7000000000000002,2.5
842,1.7000000000000002,2.6
843,1.7000000000000002,2.7
844,1.7000000000000002,2.8000000000000003
845,1.7000000000000002,2.9000000000000004
846,1.7000000000000002,3.0
847,1.7000000000000002,3.1
848,1.7000000000000002,3.2
849,1.7000000000000002,3.3000000000000003
850,1.7000000000000002,3.4000000000000004
851,1.7000000000000002,3.5
852,1.7000000000000002,3.6
853,1.7000000000000002,3.7
854,1.7000000000000002,3.8000000000000003
855,1.7000000000000002,3.9000000000000004
856,1.7000000000000002,4.0
857,1.7000000000000002,4.1000000000000005
858,1.7000000000000002,4.2
859,1.7000000000000002,4.3
860,1.7000000000000002,4.4
861,1.7000000000000002,4.5
862,1.7000000000000002,4.6000000000000005
863,1.7000000000000002,4.7
864,1.7000000000000002,4.800000000000001
865,1.7000000000000002,4.9
866,1.7000000000000002,5.0
867,1.8000000000000003,0.0
868,1.8000000000000003,0.1
869,1.8000000000000003,0.2
870,1.8000000000000003,0.30000000000000004
871,1.8000000000000003,0.4
872,1.8000000000000003,0.5
873,1.8000000000000003,0.6000000000000001
874,1.8000000000000003,0.7000000000000001
875,1.8000000000000003,0.8
876,1.8000000000000003,0.9
877,1.8000000000000003,1.0
878,1.8000000000000003,1.1
879,1.8000000000000003,1.2000000000000002
880,1.8000000000000003,1.3
881,1.8000000000000003,1.4000000000000001
882,1.8000000000000003,1.5
883,1.8000000000000003,1.6
884,1.8000000000000003,1.7000000000000002
885,1.8000000000000003,1.8
886,1.8000000000000003,1.9000000000000001
887,1.8000000000000003,2.0
888,1.8000000000000003,2.1
889,1.8000000000000003,2.2
890,1.8000000000000003,2.3000000000000003
891,1.8000000000000003,2.4000000000000004
892,1.8000000000000003,2.5
893,1.8000000000000003,2.6
894,1.8000000000000003,2.7
895,1.8000000000000003,2.8000000000000003
896,1.8000000000000003,2.9000000000000004
897,1.8000000000000003,3.0
898,1.8000000000000003,3.1
899,1.8000000000000003,3.2
900,1.8000000000000003,3.3000000000000003
901,1.8000000000000003,3.4000000000000004
902,1.8000000000000003,3.5
903,1.8000000000000003,3.6
904,1.8000000000000003,3.7
905,1.8000000000000003,3.8000000000000003
906,1.8000000000000003,3.9000000000000004
907,1.8000000000000003,4.0
908,1.8000000000000003,4.1000000000000005
909,1.8000000000000003,4.2
910,1.8000000000000003,4.3
911,1.8000000000000003,4.4
912,1.8000000000000003,4.5
913,1.8000000000000003,4.6000000000000005
914,1.8000000000000003,4.7
915,1.8000000000000003,4.800000000000001
916,1.8000000000000003,4.9
917,1.8000000000000003,5.0
918,1.9000000000000001,0.0
919,1.9000000000000001,0.1
920,1.9000000000000001,0.2
921,1.9000000000000001,0.30000000000000004
922,1.9000000000000001,0.4
923,1.9000000000000001,0.5
924,1.9000000000000001,0.6000000000000001
925,1.9000000000000001,0.7000000000000001
926,1.9000000000000001,0.8
927,1.9000000000000001,0.9
928,1.9000000000000001,1.0
929,1.9000000000000001,1.1
930,1.9000000000000001,1.2000000000000002
931,1.9000000000000001,1.3
932,1.9000000000000001,1.4000000000000001
933,1.9000000000000001,1.5
934,1.9000000000000001,1.6
935,1.9000000000000001,1.7000000000000002
936,1.9000000000000001,1.8
937,1.9000000000000001,1.9000000000000001
938,1.9000000000000001,2.0
939,1.9000000000000001,2.1
940,1.9000000000000001,2.2
941,1.9000000000000001,2.3000000000000003
942,1.9000000000000001,2.4000000000000004
943,1.9000000000000001,2.5
944,1.9000000000000001,2.6
945,1.9000000000000001,2.7
946,1.9000000000000001,2.8000000000000003
947,1.9000000000000001,2.9000000000000004
948,1.9000000000000001,3.0
949,1.9000000000000001,3.1
950,1.9000000000000001,3.2
951,1.9000000000000001,3.3000000000000003
952,1.9000000000000001,3.4000000000000004
953,1.9000000000000001,3.5
954,1.9000000000000001,3.6
955,1.9000000000000001,3.7
956,1.9000000000000001,3.8000000000000003
957,1.9000000000000001,3.9000000000000004
958,1.9000000000000001,4.0
959,1.9000000000000001,4.1000000000000005
960,1.9000000000000001,4.2
961,1.9000000000000001,4.3
962,1.9000000000000001,4.4
963,1.9000000000000001,4.5
964,1.9000000000000001,4.6000000000000005
965,1.9000000000000001,4.7
966,1.9000000000000001,4.800000000000001
967,1.9000000000000001,4.9
968,1.9000000000000001,5.0
969,2.0,0.0
970,2.0,0.1
971,2.0,0.2
972,2.0,0.30000000000000004
973,2.0,0.4
974,2.0,0.5
975,2.0,0.6000000000000001
976,2.0,0.7000000000000001
977,2.0,0.8
978,2.0,0.9
979,2.0,1.0
980,2.0,1.1
981,2.0,1.2000000000000002
982,2.0,1.3
983,2.0,1.4000000000000001
984,2.0,1.5
985,2.0,1.6
986,2.0,1.7000000000000002
987,2.0,1.8
988,2.0,1.9000000000000001
989,2.0,2.0
990,2.0,2.1
991,2.0,2.2
992,2.0,2.3000000000000003
993,2.0,2.4000000000000004
994,2.0,2.5
995,2.0,2.6
996,2.0,2.7
997,2.0,2.8000000000000003
998,2.0,2.9000000000000004
999,2.0,3.0
1000,2.0,3.1
1001,2.0,3.2
1002,2.0,3.3000000000000003
1003,2.0,3.4000000000000004
1004,2.0,3.5
1005,2.0,3.6
1006,2.0,3.7
1007,2.0,3.8000000000000003
1008,2.0,3.9000000000000004
1009,2.0,4.0
1010,2.0,4.1000000000000005
1011,2.0,4.2
1012,2.0,4.3
1013,2.0,4.4
1014,2.0,4.5
1015,2.0,4.6000000000000005
1016,2.0,4.7
1017,2.0,4.800000000000001
1018,2.0,4.9
1019,2.0,5.0
1020,2.1,0.0
1021,2.1,0.1
1022,2.1,0.2
1023,2.1,0.30000000000000004
1024,2.1,0.4
1025,2.1,0.5
1026,2.1,0.6000000000000001
1027,2.1,0.7000000000000001
1028,2.1,0.8
1029,2.1,0.9
1030,2.1,1.0
1031,2.1,1.1
1032,2.1,1.2000000000000002
1033,2.1,1.3
1034,2.1,1.4000000000000001
1035,2.1,1.5
1036,2.1,1.6
1037,2.1,1.7000000000000002
1038,2.1,1.8
1039,2.1,1.9000000000000001
1040,2.1,2.0
1041,2.1,2.1
1042,2.1,2.2
1043,2.1,2.3000000000000003
1044,2.1,2.4000000000000004
1045,2.1,2.5
1046,2.1,2.6
1047,2.1,2.7
1048,2.1,2.8000000000000003
1049,2.1,2.9000000000000004
1050,2.1,3.0
1051,2.1,3.1
1052,2.1,3.2
1053,2.1,3.3000000000000003
1054,2.1,3.4000000000000004
1055,2.1,3.5
1056,2.1,3.6
1057,2.1,3.7
1058,2.1,3.8000000000000003
1059,2.1,3.9000000000000004
1060,2.1,4.0
1061,2.1,4.1000000000000005
1062,2.1,4.2
1063,2.1,4.3
1064,2.1,4.4
1065,2.1,4.5
1066,2.1,4.6000000000000005
1067,2.1,4.7
1068,2.1,4.800000000000001
1069,2.1,4.9
1070,2.1,5.0
1071,2.2,0.0
1072,2.2,0.1
1073,2.2,0.2
1074,2.2,0.30000000000000004
1075,2.2,0.4
1076,2.2,0.5
1077,2.2,0.6000000000000001
1078,2.2,0.7000000000000001
1079,2.2,0.8
1080,2.2,0.9
1081,2.2,1.0
1082,2.2,1.1
1083,2.2,1.2000000000000002
1084,2.2,1.3
1085,2.2,1.4000000000000001
1086,2.2,1.5
1087,2.2,1.6
1088,2.2,1.7000000000000002
1089,2.2,1.8
1090,2.2,1.9000000000000001
1091,2.2,2.0
1092,2.2,2.1
1093,2.2,2.2
1094,2.2,2.3000000000000003
1095,2.2,2.4000000000000004
1096,2.2,2.5
1097,2.2,2.6
1098,2.2,2.7
1099,2.2,2.8000000000000003
1100,2.2,2.9000000000000004
1101,2.2,3.0
1102,2.2,3.1
1103,2.2,3.2
1104,2.2,3.3000000000000003
1105,2.2,3.4000000000000004
1106,2.2,3.5
1107,2.2,3.6
1108,2.2,3.7
1109,2.2,3.8000000000000003
1110,2.2,3.9000000000000004
1111,2.2,4.0
1112,2.2,4.1000000000000005
1113,2.2,4.2
1114,2.2,4.3
1115,2.2,4.4
1116,2.2,4.5
1117,2.2,4.6000000000000005
1118,2.2,4.7
1119,2.2,4.800000000000001
1120,2.2,4.9
1121,2.2,5.0
1122,2.3000000000000003,0.0
1123,2.3000000000000003,0.1
1124,2.3000000000000003,0.2
1125,2.3000000000000003,0.30000000000000004
1126,2.3000000000000003,0.4
1127,2.3000000000000003,0.5
1128,2.3000000000000003,0.6000000000000001
1129,2.3000000000000003,0.7000000000000001
1130,2.3000000000000003,0.8
1131,2.3000000000000003,0.9
1132,2.3000000000000003,1.0
1133,2.3000000000000003,1.1
1134,2.3000000000000003,1.2000000000000002
1135,2.3000000000000003,1.3
1136,2.3000000000000003,1.4000000000000001
1137,2.3000000000000003,1.5
1138,2.3000000000000003,1.6
1139,2.3000000000000003,1.7000000000000002
1140,2.3000000000000003,1.8
1141,2.3000000000000003,1.9000000000000001
1142,2.3000000000000003,2.0
1143,2.3000000000000003,2.1
1144,2.3000000000000003,2.2
1145,2.3000000000000003,2.3000000000000003
1146,2.3000000000000003,2.4000000000000004
1147,2.3000000000000003,2.5
1148,2.3000000000000003,2.6
1149,2.3000000000000003,2.7
1150,2.3000000000000003,2.8000000000000003
1151,2.3000000000000003,2.9000000000000004
1152,2.3000000000000003,3.0
1153,2.3000000000000003,3.1
1154,2.3000000000000003,3.2
1155,2.3000000000000003,3.3000000000000003
1156,2.3000000000000003,3.4000000000000004
1157,2.3000000000000003,3.5
1158,2.3000000000000003,3.6
1159,2.3000000000000003,3.7
1160,2.3000000000000003,3.8000000000000003
1161,2.3000000000000003,3.9000000000000004
1162,2.3000000000000003,4.0
1163,2.3000000000000003,4.1000000000000005
1164,2.3000000000000003,4.2
1165,2.3000000000000003,4.3
1166,2.3000000000000003,4.4
1167,2.3000000000000003,4.5
1168,2.3000000000000003,4.6000000000000005
1169,2.3000000000000003,4.7
1170,2.3000000000000003,4.800000000000001
1171,2.3000000000000003,4.9
1172,2.3000000000000003,5.0
1173,2.4000000000000004,0.0
1174,2.4000000000000004,0.1
1175,2.4000000000000004,0.2
1176,2.4000000000000004,0.30000000000000004
1177,2.4000000000000004,0.4
1178,2.4000000000000004,0.5
1179,2.4000000000000004,0.6000000000000001
1180,2.4000000000000004,0.7000000000000001
1181,2.4000000000000004,0.8
1182,2.4000000000000004,0.9
1183,2.4000000000000004,1.0
1184,2.4000000000000004,1.1
1185,2.4000000000000004,1.2000000000000002
1186,2.4000000000000004,1.3
1187,2.4000000000000004,1.4000000000000001
1188,2.4000000000000004,1.5
1189,2.4000000000000004,1.6
1190,2.4000000000000004,1.7000000000000002
1191,2.4000000000000004,1.8
1192,2.4000000000000004,1.9000000000000001
1193,2.4000000000000004,2.0
1194,2.4000000000000004,2.1
1195,2.4000000000000004,2.2
1196,2.4000000000000004,2.3000000000000003
1197,2.4000000000000004,2.4000000000000004
1198,2.4000000000000004,2.5
1199,2.4000000000000004,2.6
1200,2.4000000000000004,2.7
1201,2.4000000000000004,2.8000000000000003
1202,2.4000000000000004,2.9000000000000004
1203,2.4000000000000004,3.0
1204,2.4000000000000004,3.1
1205,2.4000000000000004,3.2
1206,2.4000000000000004,3.3000000000000003
1207,2.4000000000000004,3.4000000000000004
1208,2.4000000000000004,3.5
1209,2.4000000000000004,3.6
1210,2.4000000000000004,3.7
1211,2.4000000000000004,3.8000000000000003
1212,2.4000000000000004,3.9000000000000004
1213,2.4000000000000004,4.0
1214,2.4000000000000004,4.1000000000000005
1215,2.4000000000000004,4.2
1216,2.4000000000000004,4.3
1217,2.4000000000000004,4.4
1218,2.4000000000000004,4.5
1219,2.4000000000000004,4.6000000000000005
1220,2.4000000000000004,4.7
1221,2.4000000000000004,4.800000000000001
1222,2.4000000000000004,4.9
1223,2.4000000000000004,5.0
1224,2.5000000000000004,0.0
1225,2.5000000000000004,0.1
1226,2.5000000000000004,0.2
1227,2.5000000000000004,0.30000000000000004
1228,2.5000000000000004,0.4
1229,2.5000000000000004,0.5
1230,2.5000000000000004,0.6000000000000001
1231,2.5000000000000004,0.7000000000000001
1232,2.5000000000000004,0.8
1233,2.5000000000000004,0.9
1234,2.5000000000000004,1.0
1235,2.5000000000000004,1.1
1236,2.5000000000000004,1.2000000000000002
1237,2.5000000000000004,1.3
1238,2.5000000000000004,1.4000000000000001
1239,2.5000000000000004,1.5
1240,2.5000000000000004,1.6
1241,2.5000000000000004,1.7000000000000002
1242,2.5000000000000004,1.8
1243,2.5000000000000004,1.9000000000000001
1244,2.5000000000000004,2.0
1245,2.5000000000000004,2.1
1246,2.5000000000000004,2.2
1247,2.5000000000000004,2.3000000000000003
1248,2.5000000000000004,2.4000000000000004
1249,2.5000000000000004,2.5
1250,2.5000000000000004,2.6
1251,2.5000000000000004,2.7
1252,2.5000000000000004,2.8000000000000003
1253,2.5000000000000004,2.9000000000000004
1254,2.5000000000000004,3.0
1255,2.5000000000000004,3.1
1256,2.5000000000000004,3.2
1257,2.5000000000000004,3.3000000000000003
1258,2.5000000000000004,3.4000000000000004
1259,2.5000000000000004,3.5
1260,2.5000000000000004,3.6
1261,2.5000000000000004,3.7
1262,2.5000000000000004,3.8000000000000003
1263,2.5000000000000004,3.9000000000000004
1264,2.5000000000000004,4.0
1265,2.5000000000000004,4.1000000000000005
1266,2.5000000000000004,4.2
1267,2.5000000000000004,4.3
1268,2.5000000000000004,4.4
1269,2.5000000000000004,4.5
1270,2.5000000000000004,4.6000000000000005
1271,2.5000000000000004,4.7
1272,2.5000000000000004,4.800000000000001
1273,2.5000000000000004,4.9
1274,2.5000000000000004,5.0
1275,2.6,0.0
1276,2.6,0.1
1277,2.6,0.2
1278,2.6,0.30000000000000004
1279,2.6,0.4
1280,2.6,0.5
1281,2.6,0.6000000000000001
1282,2.6,0.7000000000000001
1283,2.6,0.8
1284,2.6,0.9
1285,2.6,1.0
1286,2.6,1.1
1287,2.6,1.2000000000000002
1288,2.6,1.3
1289,2.6,1.4000000000000001
1290,2.6,1.5
1291,2.6,1.6
1292,2.6,1.7000000000000002
1293,2.6,1.8
1294,2.6,1.9000000000000001
1295,2.6,2.0
1296,2.6,2.1
1297,2.6,2.2
1298,2.6,2.3000000000000003
1299,2.6,2.4000000000000004
1300,2.6,2.5
1301,2.6,2.6
1302,2.6,2.7
1303,2.6,2.8000000000000003
1304,2.6,2.9000000000000004
1305,2.6,3.0
1306,2.6,3.1
1307,2.6,3.2
1308,2.6,3.3000000000000003
1309,2.6,3.4000000000000004
1310,2.6,3.5
1311,2.6,3.6
1312,2.6,3.7
1313,2.6,3.8000000000000003
1314,2.6,3.9000000000000004
1315,2.6,4.0
1316,2.6,4.1000000000000005
1317,2.6,4.2
1318,2.6,4.3
1319,2.6,4.4
1320,2.6,4.5
1321,2.6,4.6000000000000005
1322,2.6,4.7
1323,2.6,4.800000000000001
1324,2.6,4.9
1325,2.6,5.0
1326,2.7,0.0
1327,2.7,0.1
1328,2.7,0.2
1329,2.7,0.30000000000000004
1330,2.7,0.4
1331,2.7,0.5
1332,2.7,0.6000000000000001
1333,2.7,0.7000000000000001
1334,2.7,0.8
1335,2.7,0.9
1336,2.7,1.0
1337,2.7,1.1
1338,2.7,1.2000000000000002
1339,2.7,1.3
1340,2.7,1.4000000000000001
1341,2.7,1.5
1342,2.7,1.6
1343,2.7,1.7000000000000002
1344,2.7,1.8
1345,2.7,1.9000000000000001
1346,2.7,2.0
1347,2.7,2.1
1348,2.7,2.2
1349,2.7,2.3000000000000003
1350,2.7,2.4000000000000004
1351,2.7,2.5
1352,2.7,2.6
1353,2.7,2.7
1354,2.7,2.8000000000000003
1355,2.7,2.9000000000000004
1356,2.7,3.0
1357,2.7,3.1
1358,2.7,3.2
1359,2.7,3.3000000000000003
1360,2.7,3.4000000000000004
1361,2.7,3.5
1362,2.7,3.6
1363,2.7,3.7
1364,2.7,3.8000000000000003
1365,2.7,3.9000000000000004
1366,2.7,4.0
1367,2.7,4.1000000000000005
1368,2.7,4.2
1369,2.7,4.3
1370,2.7,4.4
1371,2.7,4.5
1372,2.7,4.6000000000000005
1373,2.7,4.7
1374,2.7,4.800000000000001
1375,2.7,4.9
1376,2.7,5.0
1377,2.8000000000000003,0.0
1378,2.8000000000000003,0.1
1379,2.8000000000000003,0.2
1380,2.8000000000000003,0.30000000000000004
1381,2.8000000000000003,0.4
1382,2.8000000000000003,0.5
1383,2.8000000000000003,0.6000000000000001
1384,2.8000000000000003,0.7000000000000001
1385,2.8000000000000003,0.8
1386,2.8000000000000003,0.9
1387,2.8000000000000003,1.0
1388,2.8000000000000003,1.1
1389,2.8000000000000003,1.2000000000000002
1390,2.8000000000000003,1.3
1391,2.8000000000000003,1.4000000000000001
1392,2.8000000000000003,1.5
1393,2.8000000000000003,1.6
1394,2.8000000000000003,1.7000000000000002
1395,2.8000000000000003,1.8
1396,2.8000000000000003,1.9000000000000001
1397,2.8000000000000003,2.0
1398,2.8000000000000003,2.1
1399,2.8000000000000003,2.2
1400,2.8000000000000003,2.3000000000000003
1401,2.8000000000000003,2.4000000000000004
1402,2.8000000000000003,2.5
1403,2.8000000000000003,2.6
1404,2.8000000000000003,2.7
1405,2.8000000000000003,2.8000000000000003
1406,2.8000000000000003,2.9000000000000004
1407,2.8000000000000003,3.0
1408,2.8000000000000003,3.1
1409,2.8000000000000003,3.2
1410,2.8000000000000003,3.3000000000000003
1411,2.8000000000000003,3.4000000000000004
1412,2.8000000000000003,3.5
1413,2.8000000000000003,3.6
1414,2.8000000000000003,3.7
1415,2.8000000000000003,3.8000000000000003
1416,2.8000000000000003,3.9000000000000004
1417,2.8000000000000003,4.0
1418,2.8000000000000003,4.1000000000000005
1419,2.8000000000000003,4.2
1420,2.8000000000000003,4.3
1421,2.8000000000000003,4.4
1422,2.8000000000000003,4.5
1423,2.8000000000000003,4.6000000000000005
1424,2.8000000000000003,4.7
1425,2.8000000000000003,4.800000000000001
1426,2.8000000000000003,4.9
1427,2.8000000000000003,5.0
1428,2.9000000000000004,0.0
1429,2.9000000000000004,0.1
1430,2.9000000000000004,0.2
1431,2.9000000000000004,0.30000000000000004
1432,2.9000000000000004,0.4
1433,2.9000000000000004,0.5
1434,2.9000000000000004,0.6000000000000001
1435,2.9000000000000004,0.7000000000000001
1436,2.9000000000000004,0.8
1437,2.9000000000000004,0.9
1438,2.9000000000000004,1.0
1439,2.9000000000000004,1.1
1440,2.9000000000000004,1.2000000000000002
1441,2.9000000000000004,1.3
1442,2.9000000000000004,1.4000000000000001
1443,2.9000000000000004,1.5
1444,2.9000000000000004,1.6
1445,2.9000000000000004,1.7000000000000002
1446,2.9000000000000004,1.8
1447,2.9000000000000004,1.9000000000000001
1448,2.9000000000000004,2.0
1449,2.9000000000000004,2.1
1450,2.9000000000000004,2.2
1451,2.9000000000000004,2.3000000000000003
1452,2.9000000000000004,2.4000000000000004
1453,2.9000000000000004,2.5
1454,2.9000000000000004,2.6
1455,2.9000000000000004,2.7
1456,2.9000000000000004,2.8000000000000003
1457,2.9000000000000004,2.9000000000000004
1458,2.9000000000000004,3.0
1459,2.9000000000000004,3.1
1460,2.9000000000000004,3.2
1461,2.9000000000000004,3.3000000000000003
1462,2.9000000000000004,3.4000000000000004
1463,2.9000000000000004,3.5
1464,2.9000000000000004,3.6
1465,2.9000000000000004,3.7
1466,2.9000000000000004,3.8000000000000003
1467,2.9000000000000004,3.9000000000000004
1468,2.9000000000000004,4.0
1469,2.9000000000000004,4.1000000000000005
1470,2.9000000000000004,4.2
1471,2.9000000000000004,4.3
1472,2.9000000000000004,4.4
1473,2.9000000000000004,4.5
1474,2.9000000000000004,4.6000000000000005
1475,2.9000000000000004,4.7
1476,2.9000000000000004,4.800000000000001
1477,2.9000000000000004,4.9
1478,2.9000000000000004,5.0
1479,3.0000000000000004,0.0
1480,3.0000000000000004,0.1
1481,3.0000000000000004,0.2
1482,3.0000000000000004,0.30000000000000004
1483,3.0000000000000004,0.4
1484,3.0000000000000004,0.5
1485,3.0000000000000004,0.6000000000000001
1486,3.0000000000000004,0.7000000000000001
1487,3.0000000000000004,0.8
1488,3.0000000000000004,0.9
1489,3.0000000000000004,1.0
1490,3.0000000000000004,1.1
1491,3.0000000000000004,1.2000000000000002
1492,3.0000000000000004,1.3
1493,3.0000000000000004,1.4000000000000001
1494,3.0000000000000004,1.5
1495,3.0000000000000004,1.6
1496,3.0000000000000004,1.7000000000000002
1497,3.0000000000000004,1.8
1498,3.0000000000000004,1.9000000000000001
1499,3.0000000000000004,2.0
1500,3.0000000000000004,2.1
1501,3.0000000000000004,2.2
1502,3.0000000000000004,2.3000000000000003
1503,3.0000000000000004,2.4000000000000004
1504,3.0000000000000004,2.5
1505,3.0000000000000004,2.6
1506,3.0000000000000004,2.7
1507,3.0000000000000004,2.8000000000000003
1508,3.0000000000000004,2.9000000000000004
1509,3.0000000000000004,3.0
1510,3.0000000000000004,3.1
1511,3.0000000000000004,3.2
1512,3.0000000000000004,3.3000000000000003
1513,3.0000000000000004,3.4000000000000004
1514,3.0000000000000004,3.5
1515,3.0000000000000004,3.6
1516,3.0000000000000004,3.7
1517,3.0000000000000004,3.8000000000000003
1518,3.0000000000000004,3.9000000000000004
1519,3.0000000000000004,4.0
1520,3.0000000000000004,4.1000000000000005
1521,3.0000000000000004,4.2
1522,3.0000000000000004,4.3
1523,3.0000000000000004,4.4
1524,3.0000000000000004,4.5
1525,3.0000000000000004,4.6000000000000005
1526,3.0000000000000004,4.7
1527,3.0000000000000004,4.800000000000001
1528,3.0000000000000004,4.9
1529,3.0000000000000004,5.0
1530,3.1,0.0
1531,3.1,0.1
1532,3.1,0.2
1533,3.1,0.30000000000000004
1534,3.1,0.4
1535,3.1,0.5
1536,3.1,0.6000000000000001
1537,3.1,0.7000000000000001
1538,3.1,0.8
1539,3.1,0.9
1540,3.1,1.0
1541,3.1,1.1
1542,3.1,1.2000000000000002
1543,3.1,1.3
1544,3.1,1.4000000000000001
1545,3.1,1.5
1546,3.1,1.6
1547,3.1,1.7000000000000002
1548,3.1,1.8
1549,3.1,1.9000000000000001
1550,3.1,2.0
1551,3.1,2.1
1552,3.1,2.2
1553,3.1,2.3000000000000003
1554,3.1,2.4000000000000004
1555,3.1,2.5
1556,3.1,2.6
1557,3.1,2.7
1558,3.1,2.8000000000000003
1559,3.1,2.9000000000000004
1560,3.1,3.0
1561,3.1,3.1
1562,3.1,3.2
1563,3.1,3.3000000000000003
1564,3.1,3.4000000000000004
1565,3.1,3.5
1566,3.1,3.6
1567,3.1,3.7
1568,3.1,3.8000000000000003
1569,3.1,3.9000000000000004
1570,3.1,4.0
1571,3.1,4.1000000000000005
1572,3.1,4.2
1573,3.1,4.3
1574,3.1,4.4
1575,3.1,4.5
1576,3.1,4.6000000000000005
1577,3.1,4.7
1578,3.1,4.800000000000001
1579,3.1,4.9
1580,3.1,5.0
1581,3.2,0.0
1582,3.2,0.1
1583,3.2,0.2
1584,3.2,0.30000000000000004
1585,3.2,0.4
1586,3.2,0.5
1587,3.2,0.6000000000000001
1588,3.2,0.7000000000000001
1589,3.2,0.8
1590,3.2,0.9
1591,3.2,1.0
1592,3.2,1.1
1593,3.2,1.2000000000000002
1594,3.2,1.3
1595,3.2,1.4000000000000001
1596,3.2,1.5
1597,3.2,1.6
1598,3.2,1.7000000000000002
1599,3.2,1.8
1600,3.2,1.9000000000000001
1601,3.2,2.0
1602,3.2,2.1
1603,3.2,2.2
1604,3.2,2.3000000000000003
1605,3.2,2.4000000000000004
1606,3.2,2.5
1607,3.2,2.6
1608,3.2,2.7
1609,3.2,2.8000000000000003
1610,3.2,2.9000000000000004
1611,3.2,3.0
1612,3.2,3.1
1613,3.2,3.2
1614,3.2,3.3000000000000003
1615,3.2,3.4000000000000004
1616,3.2,3.5
1617,3.2,3.6
1618,3.2,3.7
1619,3.2,3.8000000000000003
1620,3.2,3.9000000000000004
1621,3.2,4.0
1622,3.2,4.1000000000000005
1623,3.2,4.2
1624,3.2,4.3
1625,3.2,4.4
1626,3.2,4.5
1627,3.2,4.6000000000000005
1628,3.2,4.7
1629,3.2,4.800000000000001
1630,3.2,4.9
1631,3.2,5.0
1632,3.3000000000000003,0.0
1633,3.3000000000000003,0.1
1634,3.3000000000000003,0.2
1635,3.3000000000000003,0.30000000000000004
1636,3.3000000000000003,0.4
1637,3.3000000000000003,0.5
1638,3.3000000000000003,0.6000000000000001
1639,3.3000000000000003,0.7000000000000001
1640,3.3000000000000003,0.8
1641,3.3000000000000003,0.9
1642,3.3000000000000003,1.0
1643,3.3000000000000003,1.1
1644,3.3000000000000003,1.2000000000000002
1645,3.3000000000000003,1.3
1646,3.3000000000000003,1.4000000000000001
1647,3.3000000000000003,1.5
1648,3.3000000000000003,1.6
1649,3.3000000000000003,1.7000000000000002
1650,3.3000000000000003,1.8
1651,3.3000000000000003,1.9000000000000001
1652,3.3000000000000003,2.0
1653,3.3000000000000003,2.1
1654,3.3000000000000003,2.2
1655,3.3000000000000003,2.3000000000000003
1656,3.3000000000000003,2.4000000000000004
1657,3.3000000000000003,2.5
1658,3.3000000000000003,2.6
1659,3.3000000000000003,2.7
1660,3.3000000000000003,2.8000000000000003
1661,3.3000000000000003,2.9000000000000004
1662,3.3000000000000003,3.0
1663,3.3000000000000003,3.1
1664,3.3000000000000003,3.2
1665,3.3000000000000003,3.3000000000000003
1666,3.3000000000000003,3.4000000000000004
1667,3.3000000000000003,3.5
1668,3.3000000000000003,3.6
1669,3.3000000000000003,3.7
1670,3.3000000000000003,3.8000000000000003
1671,3.3000000000000003,3.9000000000000004
1672,3.3000000000000003,4.0
1673,3.3000000000000003,4.1000000000000005
1674,3.3000000000000003,4.2
1675,3.3000000000000003,4.3
1676,3.3000000000000003,4.4
1677,3.3000000000000003,4.5
1678,3.3000000000000003,4.6000000000000005
1679,3.3000000000000003,4.7
1680,3.3000000000000003,4.800000000000001
1681,3.3000000000000003,4.9
1682,3.3000000000000003,5.0
1683,3.4000000000000004,0.0
1684,3.4000000000000004,0.1
1685,3.4000000000000004,0.2
1686,3.4000000000000004,0.30000000000000004
1687,3.4000000000000004,0.4
1688,3.4000000000000004,0.5
1689,3.4000000000000004,0.6000000000000001
1690,3.4000000000000004,0.7000000000000001
1691,3.4000000000000004,0.8
1692,3.4000000000000004,0.9
1693,3.4000000000000004,1.0
1694,3.4000000000000004,1.1
1695,3.4000000000000004,1.2000000000000002
1696,3.4000000000000004,1.3
1697,3.4000000000000004,1.4000000000000001
1698,3.4000000000000004,1.5
1699,3.4000000000000004,1.6
1700,3.4000000000000004,1.7000000000000002
1701,3.4000000000000004,1.8
1702,3.4000000000000004,1.9000000000000001
1703,3.4000000000000004,2.0
1704,3.4000000000000004,2.1
1705,3.4000000000000004,2.2
1706,3.4000000000000004,2.3000000000000003
1707,3.4000000000000004,2.4000000000000004
1708,3.4000000000000004,2.5
1709,3.4000000000000004,2.6
1710,3.4000000000000004,2.7
1711,3.4000000000000004,2.8000000000000003
1712,3.4000000000000004,2.9000000000000004
1713,3.4000000000000004,3.0
1714,3.4000000000000004,3.1
1715,3.4000000000000004,3.2
1716,3.4000000000000004,3.3000000000000003
1717,3.4000000000000004,3.4000000000000004
1718,3.4000000000000004,3.5
1719,3.4000000000000004,3.6
1720,3.4000000000000004,3.7
1721,3.4000000000000004,3.8000000000000003
1722,3.4000000000000004,3.9000000000000004
1723,3.4000000000000004,4.0
1724,3.4000000000000004,4.1000000000000005
1725,3.4000000000000004,4.2
1726,3.4000000000000004,4.3
1727,3.4000000000000004,4.4
1728,3.4000000000000004,4.5
1729,3.4000000000000004,4.6000000000000005
1730,3.4000000000000004,4.7
1731,3.4000000000000004,4.800000000000001
1732,3.4000000000000004,4.9
1733,3.4000000000000004,5.0
1734,3.5000000000000004,0.0
1735,3.5000000000000004,0.1
1736,3.5000000000000004,0.2
1737,3.5000000000000004,0.30000000000000004
1738,3.5000000000000004,0.4
1739,3.5000000000000004,0.5
1740,3.5000000000000004,0.6000000000000001
1741,3.5000000000000004,0.7000000000000001
1742,3.5000000000000004,0.8
1743,3.5000000000000004,0.9
1744,3.5000000000000004,1.0
1745,3.5000000000000004,1.1
1746,3.5000000000000004,1.2000000000000002
1747,3.5000000000000004,1.3
1748,3.5000000000000004,1.4000000000000001
1749,3.5000000000000004,1.5
1750,3.5000000000000004,1.6
1751,3.5000000000000004,1.7000000000000002
1752,3.5000000000000004,1.8
1753,3.5000000000000004,1.9000000000000001
1754,3.5000000000000004,2.0
1755,3.5000000000000004,2.1
1756,3.5000000000000004,2.2
1757,3.5000000000000004,2.3000000000000003
1758,3.5000000000000004,2.4000000000000004
1759,3.5000000000000004,2.5
1760,3.5000000000000004,2.6
1761,3.5000000000000004,2.7
1762,3.5000000000000004,2.8000000000000003
1763,3.5000000000000004,2.9000000000000004
1764,3.5000000000000004,3.0
1765,3.5000000000000004,3.1
1766,3.5000000000000004,3.2
1767,3.5000000000000004,3.3000000000000003
1768,3.5000000000000004,3.4000000000000004
1769,3.5000000000000004,3.5
1770,3.5000000000000004,3.6
1771,3.5000000000000004,3.7
1772,3.5000000000000004,3.8000000000000003
1773,3.5000000000000004,3.9000000000000004
1774,3.5000000000000004,4.0
1775,3.5000000000000004,4.1000000000000005
1776,3.5000000000000004,4.2
1777,3.5000000000000004,4.3
1778,3.5000000000000004,4.4
1779,3.5000000000000004,4.5
1780,3.5000000000000004,4.6000000000000005
1781,3.5000000000000004,4.7
1782,3.5000000000000004,4.800000000000001
1783,3.5000000000000004,4.9
1784,3.5000000000000004,5.0
1785,3.6,0.0
1786,3.6,0.1
1787,3.6,0.2
1788,3.6,0.30000000000000004
1789,3.6,0.4
1790,3.6,0.5
1791,3.6,0.6000000000000001
1792,3.6,0.7000000000000001
1793,3.6,0.8
1794,3.6,0.9
1795,3.6,1.0
1796,3.6,1.1
1797,3.6,1.2000000000000002
1798,3.6,1.3
1799,3.6,1.4000000000000001
1800,3.6,1.5
1801,3.6,1.6
1802,3.6,1.7000000000000002
1803,3.6,1.8
1804,3.6,1.9000000000000001
1805,3.6,2.0
1806,3.6,2.1
1807,3.6,2.2
1808,3.6,2.3000000000000003
1809,3.6,2.4000000000000004
1810,3.6,2.5
1811,3.6,2.6
1812,3.6,2.7
1813,3.6,2.8000000000000003
1814,3.6,2.9000000000000004
1815,3.6,3.0
1816,3.6,3.1
1817,3.6,3.2
1818,3.6,3.3000000000000003
1819,3.6,3.4000000000000004
1820,3.6,3.5
1821,3.6,3.6
1822,3.6,3.7
1823,3.6,3.8000000000000003
1824,3.6,3.9000000000000004
1825,3.6,4.0
1826,3.6,4.1000000000000005
1827,3.6,4.2
1828,3.6,4.3
1829,3.6,4.4
1830,3.6,4.5
1831,3.6,4.6000000000000005
1832,3.6,4.7
1833,3.6,4.800000000000001
1834,3.6,4.9
1835,3.6,5.0
1836,3.7,0.0
1837,3.7,0.1
1838,3.7,0.2
1839,3.7,0.30000000000000004
1840,3.7,0.4
1841,3.7,0.5
1842,3.7,0.6000000000000001
1843,3.7,0.7000000000000001
1844,3.7,0.8
1845,3.7,0.9
1846,3.7,1.0
1847,3.7,1.1
1848,3.7,1.2000000000000002
1849,3.7,1.3
1850,3.7,1.4000000000000001
1851,3.7,1.5
1852,3.7,1.6
1853,3.7,1.7000000000000002
1854,3.7,1.8
1855,3.7,1.9000000000000001
1856,3.7,2.0
1857,3.7,2.1
1858,3.7,2.2
1859,3.7,2.3000000000000003
1860,3.7,2.4000000000000004
1861,3.7,2.5
1862,3.7,2.6
1863,3.7,2.7
1864,3.7,2.8000000000000003
1865,3.7,2.9000000000000004
1866,3.7,3.0
1867,3.7,3.1
1868,3.7,3.2
1869,3.7,3.3000000000000003
1870,3.7,3.4000000000000004
1871,3.7,3.5
1872,3.7,3.6
1873,3.7,3.7
1874,3.7,3.8000000000000003
1875,3.7,3.9000000000000004
1876,3.7,4.0
1877,3.7,4.1000000000000005
1878,3.7,4.2
1879,3.7,4.3
1880,3.7,4.4
1881,3.7,4.5
1882,3.7,4.6000000000000005
1883,3.7,4.7
1884,3.7,4.800000000000001
1885,3.7,4.9
1886,3.7,5.0
1887,3.8000000000000003,0.0
1888,3.8000000000000003,0.1
1889,3.8000000000000003,0.2
1890,3.8000000000000003,0.30000000000000004
1891,3.8000000000000003,0.4
1892,3.8000000000000003,0.5
1893,3.8000000000000003,0.6000000000000001
1894,3.8000000000000003,0.7000000000000001
1895,3.8000000000000003,0.8
1896,3.8000000000000003,0.9
1897,3.8000000000000003,1.0
1898,3.8000000000000003,1.1
1899,3.8000000000000003,1.2000000000000002
1900,3.8000000000000003,1.3
1901,3.8000000000000003,1.4000000000000001
1902,3.8000000000000003,1.5
1903,3.8000000000000003,1.6
1904,3.8000000000000003,1.7000000000000002
1905,3.8000000000000003,1.8
1906,3.8000000000000003,1.9000000000000001
1907,3.8000000000000003,2.0
1908,3.8000000000000003,2.1
1909,3.8000000000000003,2.2
1910,3.8000000000000003,2.3000000000000003
1911,3.8000000000000003,2.4000000000000004
1912,3.8000000000000003,2.5
1913,3.8000000000000003,2.6
1914,3.8000000000000003,2.7
1915,3.8000000000000003,2.8000000000000003
1916,3.8000000000000003,2.9000000000000004
1917,3.8000000000000003,3.0
1918,3.8000000000000003,3.1
1919,3.8000000000000003,3.2
1920,3.8000000000000003,3.3000000000000003
1921,3.8000000000000003,3.4000000000000004
1922,3.8000000000000003,3.5
1923,3.8000000000000003,3.6
1924,3.8000000000000003,3.7
1925,3.8000000000000003,3.8000000000000003
1926,3.8000000000000003,3.9000000000000004
1927,3.8000000000000003,4.0
1928,3.8000000000000003,4.1000000000000005
1929,3.8000000000000003,4.2
1930,3.8000000000000003,4.3
1931,3.8000000000000003,4.4
1932,3.8000000000000003,4.5
1933,3.8000000000000003,4.6000000000000005
1934,3.8000000000000003,4.7
1935,3.8000000000000003,4.800000000000001
1936,3.8000000000000003,4.9
1937,3.8000000000000003,5.0
1938,3.9000000000000004,0.0
1939,3.9000000000000004,0.1
1940,3.9000000000000004,0.2
1941,3.9000000000000004,0.30000000000000004
1942,3.9000000000000004,0.4
1943,3.9000000000000004,0.5
1944,3.9000000000000004,0.6000000000000001
1945,3.9000000000000004,0.7000000000000001
1946,3.9000000000000004,0.8
1947,3.9000000000000004,0.9
1948,3.9000000000000004,1.0
1949,3.9000000000000004,1.1
1950,3.9000000000000004,1.2000000000000002
1951,3.9000000000000004,1.3
1952,3.9000000000000004,1.4000000000000001
1953,3.9000000000000004,1.5
1954,3.9000000000000004,1.6
1955,3.9000000000000004,1.7000000000000002
1956,3.9000000000000004,1.8
1957,3.9000000000000004,1.9000000000000001
1958,3.9000000000000004,2.0
1959,3.9000000000000004,2.1
1960,3.9000000000000004,2.2
1961,3.9000000000000004,2.3000000000000003
1962,3.9000000000000004,2.4000000000000004
1963,3.9000000000000004,2.5
1964,3.9000000000000004,2.6
1965,3.9000000000000004,2.7
1966,3.9000000000000004,2.8000000000000003
1967,3.9000000000000004,2.9000000000000004
1968,3.9000000000000004,3.0
1969,3.9000000000000004,3.1
1970,3.9000000000000004,3.2
1971,3.9000000000000004,3.3000000000000003
1972,3.9000000000000004,3.4000000000000004
1973,3.9000000000000004,3.5
1974,3.9000000000000004,3.6
1975,3.9000000000000004,3.7
1976,3.9000000000000004,3.8000000000000003
1977,3.9000000000000004,3.9000000000000004
1978,3.9000000000000004,4.0
1979,3.9000000000000004,4.1000000000000005
1980,3.9000000000000004,4.2
1981,3.9000000000000004,4.3
1982,3.9000000000000004,4.4
1983,3.9000000000000004,4.5
1984,3.9000000000000004,4.6000000000000005
1985,3.9000000000000004,4.7
1986,3.9000000000000004,4.800000000000001
1987,3.9000000000000004,4.9
1988,3.9000000000000004,5.0
1989,4.0,0.0
1990,4.0,0.1
1991,4.0,0.2
1992,4.0,0.30000000000000004
1993,4.0,0.4
1994,4.0,0.5
1995,4.0,0.6000000000000001
1996,4.0,0.7000000000000001
1997,4.0,0.8
1998,4.0,0.9
1999,4.0,1.0
2000,4.0,1.1
2001,4.0,1.2000000000000002
2002,4.0,1.3
2003,4.0,1.4000000000000001
2004,4.0,1.5
2005,4.0,1.6
2006,4.0,1.7000000000000002
2007,4.0,1.8
2008,4.0,1.9000000000000001
2009,4.0,2.0
2010,4.0,2.1
2011,4.0,2.2
2012,4.0,2.3000000000000003
2013,4.0,2.4000000000000004
2014,4.0,2.5
2015,4.0,2.6
2016,4.0,2.7
2017,4.0,2.8000000000000003
2018,4.0,2.9000000000000004
2019,4.0,3.0
2020,4.0,3.1
2021,4.0,3.2
2022,4.0,3.3000000000000003
2023,4.0,3.4000000000000004
2024,4.0,3.5
2025,4.0,3.6
2026,4.0,3.7
2027,4.0,3.8000000000000003
2028,4.0,3.9000000000000004
2029,4.0,4.0
2030,4.0,4.1000000000000005
2031,4.0,4.2
2032,4.0,4.3
2033,4.0,4.4
2034,4.0,4.5
2035,4.0,4.6000000000000005
2036,4.0,4.7
2037,4.0,4.800000000000001
2038,4.0,4.9
2039,4.0,5.0
2040,4.1,0.0
2041,4.1,0.1
2042,4.1,0.2
2043,4.1,0.30000000000000004
2044,4.1,0.4
2045,4.1,0.5
2046,4.1,0.6000000000000001
2047,4.1,0.7000000000000001
2048,4.1,0.8
2049,4.1,0.9
2050,4.1,1.0
2051,4.1,1.1
2052,4.1,1.2000000000000002
2053,4.1,1.3
2054,4.1,1.4000000000000001
2055,4.1,1.5
2056,4.1,1.6
2057,4.1,1.7000000000000002
2058,4.1,1.8
2059,4.1,1.9000000000000001
2060,4.1,2.0
2061,4.1,2.1
2062,4.1,2.2
2063,4.1,2.3000000000000003
2064,4.1,2.4000000000000004
2065,4.1,2.5
2066,4.1,2.6
2067,4.1,2.7
2068,4.1,2.8000000000000003
2069,4.1,2.9000000000000004
2070,4.1,3.0
2071,4.1,3.1
2072,4.1,3.2
2073,4.1,3.3000000000000003
2074,4.1,3.4000000000000004
2075,4.1,3.5
2076,4.1,3.6
2077,4.1,3.7
2078,4.1,3.8000000000000003
2079,4.1,3.9000000000000004
2080,4.1,4.0
2081,4.1,4.1000000000000005
2082,4.1,4.2
2083,4.1,4.3
2084,4.1,4.4
2085,4.1,4.5
2086,4.1,4.6000000000000005
2087,4.1,4.7
2088,4.1,4.800000000000001
2089,4.1,4.9
2090,4.1,5.0
2091,4.2,0.0
2092,4.2,0.1
2093,4.2,0.2
2094,4.2,0.30000000000000004
2095,4.2,0.4
2096,4.2,0.5
2097,4.2,0.6000000000000001
2098,4.2,0.7000000000000001
2099,4.2,0.8
2100,4.2,0.9
2101,4.2,1.0
2102,4.2,1.1
2103,4.2,1.2000000000000002
2104,4.2,1.3
2105,4.2,1.4000000000000001
2106,4.2,1.5
2107,4.2,1.6
2108,4.2,1.7000000000000002
2109,4.2,1.8
2110,4.2,1.9000000000000001
2111,4.2,2.0
2112,4.2,2.1
2113,4.2,2.2
2114,4.2,2.3000000000000003
2115,4.2,2.4000000000000004
2116,4.2,2.5
2117,4.2,2.6
2118,4.2,2.7
2119,4.2,2.8000000000000003
2120,4.2,2.9000000000000004
2121,4.2,3.0
2122,4.2,3.1
2123,4.2,3.2
2124,4.2,3.3000000000000003
2125,4.2,3.4000000000000004
2126,4.2,3.5
2127,4.2,3.6
2128,4.2,3.7
2129,4.2,3.8000000000000003
2130,4.2,3.9000000000000004
2131,4.2,4.0
2132,4.2,4.1000000000000005
2133,4.2,4.2
2134,4.2,4.3
2135,4.2,4.4
2136,4.2,4.5
2137,4.2,4.6000000000000005
2138,4.2,4.7
2139,4.2,4.800000000000001
2140,4.2,4.9
2141,4.2,5.0
2142,4.3,0.0
2143,4.3,0.1
2144,4.3,0.2
2145,4.3,0.30000000000000004
2146,4.3,0.4
2147,4.3,0.5
2148,4.3,0.6000000000000001
2149,4.3,0.7000000000000001
2150,4.3,0.8
2151,4.3,0.9
2152,4.3,1.0
2153,4.3,1.1
2154,4.3,1.2000000000000002
2155,4.3,1.3
2156,4.3,1.4000000000000001
2157,4.3,1.5
2158,4.3,1.6
2159,4.3,1.7000000000000002
2160,4.3,1.8
2161,4.3,1.9000000000000001
2162,4.3,2.0
2163,4.3,2.1
2164,4.3,2.2
2165,4.3,2.3000000000000003
2166,4.3,2.4000000000000004
2167,4.3,2.5
2168,4.3,2.6
2169,4.3,2.7
2170,4.3,2.8000000000000003
2171,4.3,2.9000000000000004
2172,4.3,3.0
2173,4.3,3.1
2174,4.3,3.2
2175,4.3,3.3000000000000003
2176,4.3,3.4000000000000004
2177,4.3,3.5
2178,4.3,3.6
2179,4.3,3.7
2180,4.3,3.8000000000000003
2181,4.3,3.9000000000000004
2182,4.3,4.0
2183,4.3,4.1000000000000005
2184,4.3,4.2
2185,4.3,4.3
2186,4.3,4.4
2187,4.3,4.5
2188,4.3,4.6000000000000005
2189,4.3,4.7
2190,4.3,4.800000000000001
2191,4.3,4.9
2192,4.3,5.0
2193,4.3999999999999995,0.0
2194,4.3999999999999995,0.1
2195,4.3999999999999995,0.2
2196,4.3999999999999995,0.30000000000000004
2197,4.3999999999999995,0.4
2198,4.3999999999999995,0.5
2199,4.3999999999999995,0.6000000000000001
2200,4.3999999999999995,0.7000000000000001
2201,4.3999999999999995,0.8
2202,4.3999999999999995,0.9
2203,4.3999999999999995,1.0
2204,4.3999999999999995,1.1
2205,4.3999999999999995,1.2000000000000002
2206,4.3999999999999995,1.3
2207,4.3999999999999995,1.4000000000000001
2208,4.3999999999999995,1.5
2209,4.3999999999999995,1.6
2210,4.3999999999999995,1.7000000000000002
2211,4.3999999999999995,1.8
2212,4.3999999999999995,1.9000000000000001
2213,4.3999999999999995,2.0
2214,4.3999999999999995,2.1
2215,4.3999999999999995,2.2
2216,4.3999999999999995,2.3000000000000003
2217,4.3999999999999995,2.4000000000000004
2218,4.3999999999999995,2.5
2219,4.3999999999999995,2.6
2220,4.3999999999999995,2.7
2221,4.3999999999999995,2.8000000000000003
2222,4.3999999999999995,2.9000000000000004
2223,4.3999999999999995,3.0
2224,4.3999999999999995,3.1
2225,4.3999999999999995,3.2
2226,4.3999999999999995,3.3000000000000003
2227,4.3999999999999995,3.4000000000000004
2228,4.3999999999999995,3.5
2229,4.3999999999999995,3.6
2230,4.3999999999999995,3.7
2231,4.3999999999999995,3.8000000000000003
2232,4.3999999999999995,3.9000000000000004
2233,4.3999999999999995,4.0
2234,4.3999999999999995,4.1000000000000005
2235,4.3999999999999995,4.2
2236,4.3999999999999995,4.3
2237,4.3999999999999995,4.4
2238,4.3999999999999995,4.5
2239,4.3999999999999995,4.6000000000000005
2240,4.3999999999999995,4.7
2241,4.3999999999999995,4.800000000000001
2242,4.3999999999999995,4.9
2243,4.3999999999999995,5.0
2244,4.5,0.0
2245,4.5,0.1
2246,4.5,0.2
2247,4.5,0.30000000000000004
2248,4.5,0.4
2249,4.5,0.5
2250,4.5,0.6000000000000001
2251,4.5,0.7000000000000001
2252,4.5,0.8
2253,4.5,0.9
2254,4.5,1.0
2255,4.5,1.1
2256,4.5,1.2000000000000002
2257,4.5,1.3
2258,4.5,1.4000000000000001
2259,4.5,1.5
2260,4.5,1.6
2261,4.5,1.7000000000000002
2262,4.5,1.8
2263,4.5,1.9000000000000001
2264,4.5,2.0
2265,4.5,2.1
2266,4.5,2.2
2267,4.5,2.3000000000000003
2268,4.5,2.4000000000000004
2269,4.5,2.5
2270,4.5,2.6
2271,4.5,2.7
2272,4.5,2.8000000000000003
2273,4.5,2.9000000000000004
2274,4.5,3.0
2275,4.5,3.1
2276,4.5,3.2
2277,4.5,3.3000000000000003
2278,4.5,3.4000000000000004
2279,4.5,3.5
2280,4.5,3.6
2281,4.5,3.7
2282,4.5,3.8000000000000003
2283,4.5,3.9000000000000004
2284,4.5,4.0
2285,4.5,4.1000000000000005
2286,4.5,4.2
2287,4.5,4.3
2288,4.5,4.4
2289,4.5,4.5
2290,4.5,4.6000000000000005
2291,4.5,4.7
2292,4.5,4.800000000000001
2293,4.5,4.9
2294,4.5,5.0
2295,4.6,0.0
2296,4.6,0.1
2297,4.6,0.2
2298,4.6,0.30000000000000004
2299,4.6,0.4
2300,4.6,0.5
2301,4.6,0.6000000000000001
2302,4.6,0.7000000000000001
2303,4.6,0.8
2304,4.6,0.9
2305,4.6,1.0
2306,4.6,1.1
2307,4.6,1.2000000000000002
2308,4.6,1.3
2309,4.6,1.4000000000000001
2310,4.6,1.5
2311,4.6,1.6
2312,4.6,1.7000000000000002
2313,4.6,1.8
2314,4.6,1.9000000000000001
2315,4.6,2.0
2316,4.6,2.1
2317,4.6,2.2
2318,4.6,2.3000000000000003
2319,4.6,2.4000000000000004
2320,4.6,2.5
2321,4.6,2.6
2322,4.6,2.7
2323,4.6,2.8000000000000003
2324,4.6,2.9000000000000004
2325,4.6,3.0
2326,4.6,3.1
2327,4.6,3.2
2328,4.6,3.3000000000000003
2329,4.6,3.4000000000000004
2330,4.6,3.5
2331,4.6,3.6
2332,4.6,3.7
2333,4.6,3.8000000000000003
2334,4.6,3.9000000000000004
2335,4.6,4.0
2336,4.6,4.1000000000000005
2337,4.6,4.2
2338,4.6,4.3
2339,4.6,4.4
2340,4.6,4.5
2341,4.6,4.6000000000000005
2342,4.6,4.7
2343,4.6,4.800000000000001
2344,4.6,4.9
2345,4.6,5.0
2346,4.7,0.0
2347,4.7,0.1
2348,4.7,0.2
2349,4.7,0.30000000000000004
2350,4.7,0.4
2351,4.7,0.5
2352,4.7,0.6000000000000001
2353,4.7,0.7000000000000001
2354,4.7,0.8
2355,4.7,0.9
2356,4.7,1.0
2357,4.7,1.1
2358,4.7,1.2000000000000002
2359,4.7,1.3
2360,4.7,1.4000000000000001
2361,4.7,1.5
2362,4.7,1.6
2363,4.7,1.7000000000000002
2364,4.7,1.8
2365,4.7,1.9000000000000001
2366,4.7,2.0
2367,4.7,2.1
2368,4.7,2.2
2369,4.7,2.3000000000000003
2370,4.7,2.4000000000000004
2371,4.7,2.5
2372,4.7,2.6
2373,4.7,2.7
2374,4.7,2.8000000000000003
2375,4.7,2.9000000000000004
2376,4.7,3.0
2377,4.7,3.1
2378,4.7,3.2
2379,4.7,3.3000000000000003
2380,4.7,3.4000000000000004
2381,4.7,3.5
2382,4.7,3.6
2383,4.7,3.7
2384,4.7,3.8000000000000003
2385,4.7,3.9000000000000004
2386,4.7,4.0
2387,4.7,4.1000000000000005
2388,4.7,4.2
2389,4.7,4.3
2390,4.7,4.4
2391,4.7,4.5
2392,4.7,4.6000000000000005
2393,4.7,4.7
2394,4.7,4.800000000000001
2395,4.7,4.9
2396,4.7,5.0
2397,4.8,0.0
2398,4.8,0.1
2399,4.8,0.2
2400,4.8,0.30000000000000004
2401,4.8,0.4
2402,4.8,0.5
2403,4.8,0.6000000000000001
2404,4.8,0.7000000000000001
2405,4.8,0.8
2406,4.8,0.9
2407,4.8,1.0
2408,4.8,1.1
2409,4.8,1.2000000000000002
2410,4.8,1.3
2411,4.8,1.4000000000000001
2412,4.8,1.5
2413,4.8,1.6
2414,4.8,1.7000000000000002
2415,4.8,1.8
2416,4.8,1.9000000000000001
2417,4.8,2.0
2418,4.8,2.1
2419,4.8,2.2
2420,4.8,2.3000000000000003
2421,4.8,2.4000000000000004
2422,4.8,2.5
2423,4.8,2.6
2424,4.8,2.7
2425,4.8,2.8000000000000003
2426,4.8,2.9000000000000004
2427,4.8,3.0
2428,4.8,3.1
2429,4.8,3.2
2430,4.8,3.3000000000000003
2431,4.8,3.4000000000000004
2432,4.8,3.5
2433,4.8,3.6
2434,4.8,3.7
2435,4.8,3.8000000000000003
2436,4.8,3.9000000000000004
2437,4.8,4.0
2438,4.8,4.1000000000000005
2439,4.8,4.2
2440,4.8,4.3
2441,4.8,4.4
2442,4.8,4.5
2443,4.8,4.6000000000000005
2444,4.8,4.7
2445,4.8,4.800000000000001
2446,4.8,4.9
2447,4.8,5.0
2448,4.9,0.0
2449,4.9,0.1
2450,4.9,0.2
2451,4.9,0.30000000000000004
2452,4.9,0.4
2453,4.9,0.5
2454,4.9,0.6000000000000001
2455,4.9,0.7000000000000001
2456,4.9,0.8
2457,4.9,0.9
2458,4.9,1.0
2459,4.9,1.1
2460,4.9,1.2000000000000002
2461,4.9,1.3
2462,4.9,1.4000000000000001
2463,4.9,1.5
2464,4.9,1.6
2465,4.9,1.7000000000000002
2466,4.9,1.8
2467,4.9,1.9000000000000001
2468,4.9,2.0
2469,4.9,2.1
2470,4.9,2.2
2471,4.9,2.3000000000000003
2472,4.9,2.4000000000000004
2473,4.9,2.5
2474,4.9,2.6
2475,4.9,2.7
2476,4.9,2.8000000000000003
2477,4.9,2.9000000000000004
2478,4.9,3.0
2479,4.9,3.1
2480,4.9,3.2
2481,4.9,3.3000000000000003
2482,4.9,3.4000000000000004
2483,4.9,3.5
2484,4.9,3.6
2485,4.9,3.7
2486,4.9,3.8000000000000003
2487,4.9,3.9000000000000004
2488,4.9,4.0
2489,4.9,4.1000000000000005
2490,4.9,4.2
2491,4.9,4.3
2492,4.9,4.4
2493,4.9,4.5
2494,4.9,4.6000000000000005
2495,4.9,4.7
2496,4.9,4.800000000000001
2497,4.9,4.9
2498,4.9,5.0
2499,5.0,0.0
2500,5.0,0.1
2501,5.0,0.2
2502,5.0,0.30000000000000004
2503,5.0,0.4
2504,5.0,0.5
2505,5.0,0.6000000000000001
2506,5.0,0.7000000000000001
2507,5.0,0.8
2508,5.0,0.9
2509,5.0,1.0
2510,5.0,1.1
2511,5.0,1.2000000000000002
2512,5.0,1.3
2513,5.0,1.4000000000000001
2514,5.0,1.5
2515,5.0,1.6
2516,5.0,1.7000000000000002
2517,5.0,1.8
2518,5.0,1.9000000000000001
2519,5.0,2.0
2520,5.0,2.1
2521,5.0,2.2
2522,5.0,2.3000000000000003
2523,5.0,2.4000000000000004
2524,5.0,2.5
2525,5.0,2.6
2526,5.0,2.7
2527,5.0,2.8000000000000003
2528,5.0,2.9000000000000004
2529,5.0,3.0
2530,5.0,3.1
2531,5.0,3.2
2532,5.0,3.3000000000000003
2533,5.0,3.4000000000000004
2534,5.0,3.5
2535,5.0,3.6
2536,5.0,3.7
2537,5.0,3.8000000000000003
2538,5.0,3.9000000000000004
2539,5.0,4.0
2540,5.0,4.1000000000000005
2541,5.0,4.2
2542,5.0,4.3
2543,5.0,4.4
2544,5.0,4.5
2545,5.0,4.6000000000000005
2546,5.0,4.7
2547,5.0,4.800000000000001
2548,5.0,4.9
2549,5.0,5.0
2550,5.1,0.0
2551,5.1,0.1
2552,5.1,0.2
2553,5.1,0.30000000000000004
2554,5.1,0.4
2555,5.1,0.5
2556,5.1,0.6000000000000001
2557,5.1,0.7000000000000001
2558,5.1,0.8
2559,5.1,0.9
2560,5.1,1.0
2561,5.1,1.1
2562,5.1,1.2000000000000002
2563,5.1,1.3
2564,5.1,1.4000000000000001
2565,5.1,1.5
2566,5.1,1.6
2567,5.1,1.7000000000000002
2568,5.1,1.8
2569,5.1,1.9000000000000001
2570,5.1,2.0
2571,5.1,2.1
2572,5.1,2.2
2573,5.1,2.3000000000000003
2574,5.1,2.4000000000000004
2575,5.1,2.5
2576,5.1,2.6
2577,5.1,2.7
2578,5.1,2.8000000000000003
2579,5.1,2.9000000000000004
2580,5.1,3.0
2581,5.1,3.1
2582,5.1,3.2
2583,5.1,3.3000000000000003
2584,5.1,3.4000000000000004
2585,5.1,3.5
2586,5.1,3.6
2587,5.1,3.7
2588,5.1,3.8000000000000003
2589,5.1,3.9000000000000004
2590,5.1,4.0
2591,5.1,4.1000000000000005
2592,5.1,4.2
2593,5.1,4.3
2594,5.1,4.4
2595,5.1,4.5
2596,5.1,4.6000000000000005
2597,5.1,4.7
2598,5.1,4.800000000000001
2599,5.1,4.9
2600,5.1,5.0
2601,5.2,0.0
2602,5.2,0.1
2603,5.2,0.2
2604,5.2,0.30000000000000004
2605,5.2,0.4
2606,5.2,0.5
2607,5.2,0.6000000000000001
2608,5.2,0.7000000000000001
2609,5.2,0.8
2610,5.2,0.9
2611,5.2,1.0
2612,5.2,1.1
2613,5.2,1.2000000000000002
2614,5.2,1.3
2615,5.2,1.4000000000000001
2616,5.2,1.5
2617,5.2,1.6
2618,5.2,1.7000000000000002
2619,5.2,1.8
2620,5.2,1.9000000000000001
2621,5.2,2.0
2622,5.2,2.1
2623,5.2,2.2
2624,5.2,2.3000000000000003
2625,5.2,2.4000000000000004
2626,5.2,2.5
2627,5.2,2.6
2628,5.2,2.7
2629,5.2,2.8000000000000003
2630,5.2,2.9000000000000004
2631,5.2,3.0
2632,5.2,3.1
2633,5.2,3.2
2634,5.2,3.3000000000000003
2635,5.2,3.4000000000000004
2636,5.2,3.5
2637,5.2,3.6
2638,5.2,3.7
2639,5.2,3.8000000000000003
2640,5.2,3.9000000000000004
2641,5.2,4.0
2642,5.2,4.1000000000000005
2643,5.2,4.2
2644,5.2,4.3
2645,5.2,4.4
2646,5.2,4.5
2647,5.2,4.6000000000000005
2648,5.2,4.7
2649,5.2,4.800000000000001
2650,5.2,4.9
2651,5.2,5.0
2652,5.3,0.0
2653,5.3,0.1
2654,5.3,0.2
2655,5.3,0.30000000000000004
2656,5.3,0.4
2657,5.3,0.5
2658,5.3,0.6000000000000001
2659,5.3,0.7000000000000001
2660,5.3,0.8
2661,5.3,0.9
2662,5.3,1.0
2663,5.3,1.1
2664,5.3,1.2000000000000002
2665,5.3,1.3
2666,5.3,1.4000000000000001
2667,5.3,1.5
2668,5.3,1.6
2669,5.3,1.7000000000000002
2670,5.3,1.8
2671,5.3,1.9000000000000001
2672,5.3,2.0
2673,5.3,2.1
2674,5.3,2.2
2675,5.3,2.3000000000000003
2676,5.3,2.4000000000000004
2677,5.3,2.5
2678,5.3,2.6
2679,5.3,2.7
2680,5.3,2.8000000000000003
2681,5.3,2.9000000000000004
2682,5.3,3.0
2683,5.3,3.1
2684,5.3,3.2
2685,5.3,3.3000000000000003
2686,5.3,3.4000000000000004
2687,5.3,3.5
2688,5.3,3.6
2689,5.3,3.7
2690,5.3,3.8000000000000003
2691,5.3,3.9000000000000004
2692,5.3,4.0
2693,5.3,4.1000000000000005
2694,5.3,4.2
2695,5.3,4.3
2696,5.3,4.4
2697,5.3,4.5
2698,5.3,4.6000000000000005
2699,5.3,4.7
2700,5.3,4.800000000000001
2701,5.3,4.9
2702,5.3,5.0
2703,5.4,0.0
2704,5.4,0.1
2705,5.4,0.2
2706,5.4,0.30000000000000004
2707,5.4,0.4
2708,5.4,0.5
2709,5.4,0.6000000000000001
2710,5.4,0.7000000000000001
2711,5.4,0.8
2712,5.4,0.9
2713,5.4,1.0
2714,5.4,1.1
2715,5.4,1.2000000000000002
2716,5.4,1.3
2717,5.4,1.4000000000000001
2718,5.4,1.5
2719,5.4,1.6
2720,5.4,1.7000000000000002
2721,5.4,1.8
2722,5.4,1.9000000000000001
2723,5.4,2.0
2724,5.4,2.1
2725,5.4,2.2
2726,5.4,2.3000000000000003
2727,5.4,2.4000000000000004
2728,5.4,2.5
2729,5.4,2.6
2730,5.4,2.7
2731,5.4,2.8000000000000003
2732,5.4,2.9000000000000004
2733,5.4,3.0
2734,5.4,3.1
2735,5.4,3.2
2736,5.4,3.3000000000000003
2737,5.4,3.4000000000000004
2738,5.4,3.5
2739,5.4,3.6
2740,5.4,3.7
2741,5.4,3.8000000000000003
2742,5.4,3.9000000000000004
2743,5.4,4.0
2744,5.4,4.1000000000000005
2745,5.4,4.2
2746,5.4,4.3
2747,5.4,4.4
2748,5.4,4.5
2749,5.4,4.6000000000000005
2750,5.4,4.7
2751,5.4,4.800000000000001
2752,5.4,4.9
2753,5.4,5.0
2754,5.5,0.0
2755,5.5,0.1
2756,5.5,0.2
2757,5.5,0.30000000000000004
2758,5.5,0.4
2759,5.5,0.5
2760,5.5,0.6000000000000001
2761,5.5,0.7000000000000001
2762,5.5,0.8
2763,5.5,0.9
2764,5.5,1.0
2765,5.5,1.1
2766,5.5,1.2000000000000002
2767,5.5,1.3
2768,5.5,1.4000000000000001
2769,5.5,1.5
2770,5.5,1.6
2771,5.5,1.7000000000000002
2772,5.5,1.8
2773,5.5,1.9000000000000001
2774,5.5,2.0
2775,5.5,2.1
2776,5.5,2.2
2777,5.5,2.3000000000000003
2778,5.5,2.4000000000000004
2779,5.5,2.5
2780,5.5,2.6
2781,5.5,2.7
2782,5.5,2.8000000000000003
2783,5.5,2.9000000000000004
2784,5.5,3.0
2785,5.5,3.1
2786,5.5,3.2
2787,5.5,3.3000000000000003
2788,5.5,3.4000000000000004
2789,5.5,3.5
2790,5.5,3.6
2791,5.5,3.7
2792,5.5,3.8000000000000003
2793,5.5,3.9000000000000004
2794,5.5,4.0
2795,5.5,4.1000000000000005
2796,5.5,4.2
2797,5.5,4.3
2798,5.5,4.4
2799,5.5,4.5
2800,5.5,4.6000000000000005
2801,5.5,4.7
2802,5.5,4.800000000000001
2803,5.5,4.9
2804,5.5,5.0
2805,5.6,0.0
2806,5.6,0.1
2807,5.6,0.2
2808,5.6,0.30000000000000004
2809,5.6,0.4
2810,5.6,0.5
2811,5.6,0.6000000000000001
2812,5.6,0.7000000000000001
2813,5.6,0.8
2814,5.6,0.9
2815,5.6,1.0
2816,5.6,1.1
2817,5.6,1.2000000000000002
2818,5.6,1.3
2819,5.6,1.4000000000000001
2820,5.6,1.5
2821,5.6,1.6
2822,5.6,1.7000000000000002
2823,5.6,1.8
2824,5.6,1.9000000000000001
2825,5.6,2.0
2826,5.6,2.1
2827,5.6,2.2
2828,5.6,2.3000000000000003
2829,5.6,2.4000000000000004
2830,5.6,2.5
2831,5.6,2.6
2832,5.6,2.7
2833,5.6,2.8000000000000003
2834,5.6,2.9000000000000004
2835,5.6,3.0
2836,5.6,3.1
2837,5.6,3.2
2838,5.6,3.3000000000000003
2839,5.6,3.4000000000000004
2840,5.6,3.5
2841,5.6,3.6
2842,5.6,3.7
2843,5.6,3.8000000000000003
2844,5.6,3.9000000000000004
2845,5.6,4.0
2846,5.6,4.1000000000000005
2847,5.6,4.2
2848,5.6,4.3
2849,5.6,4.4
2850,5.6,4.5
2851,5.6,4.6000000000000005
2852,5.6,4.7
2853,5.6,4.800000000000001
2854,5.6,4.9
2855,5.6,5.0
2856,5.7,0.0
2857,5.7,0.1
2858,5.7,0.2
2859,5.7,0.30000000000000004
2860,5.7,0.4
2861,5.7,0.5
2862,5.7,0.6000000000000001
2863,5.7,0.7000000000000001
2864,5.7,0.8
2865,5.7,0.9
2866,5.7,1.0
2867,5.7,1.1
2868,5.7,1.2000000000000002
2869,5.7,1.3
2870,5.7,1.4000000000000001
2871,5.7,1.5
2872,5.7,1.6
2873,5.7,1.7000000000000002
2874,5.7,1.8
2875,5.7,1.9000000000000001
2876,5.7,2.0
2877,5.7,2.1
2878,5.7,2.2
2879,5.7,2.3000000000000003
2880,5.7,2.4000000000000004
2881,5.7,2.5
2882,5.7,2.6
2883,5.7,2.7
2884,5.7,2.8000000000000003
2885,5.7,2.9000000000000004
2886,5.7,3.0
2887,5.7,3.1
2888,5.7,3.2
2889,5.7,3.3000000000000003
2890,5.7,3.4000000000000004
2891,5.7,3.5
2892,5.7,3.6
2893,5.7,3.7
2894,5.7,3.8000000000000003
2895,5.7,3.9000000000000004
2896,5.7,4.0
2897,5.7,4.1000000000000005
2898,5.7,4.2
2899,5.7,4.3
2900,5.7,4.4
2901,5.7,4.5
2902,5.7,4.6000000000000005
2903,5.7,4.7
2904,5.7,4.800000000000001
2905,5.7,4.9
2906,5.7,5.0
2907,5.8,0.0
2908,5.8,0.1
2909,5.8,0.2
2910,5.8,0.30000000000000004
2911,5.8,0.4
2912,5.8,0.5
2913,5.8,0.6000000000000001
2914,5.8,0.7000000000000001
2915,5.8,0.8
2916,5.8,0.9
2917,5.8,1.0
2918,5.8,1.1
2919,5.8,1.2000000000000002
2920,5.8,1.3
2921,5.8,1.4000000000000001
2922,5.8,1.5
2923,5.8,1.6
2924,5.8,1.7000000000000002
2925,5.8,1.8
2926,5.8,1.9000000000000001
2927,5.8,2.0
2928,5.8,2.1
2929,5.8,2.2
2930,5.8,2.3000000000000003
2931,5.8,2.4000000000000004
2932,5.8,2.5
2933,5.8,2.6
2934,5.8,2.7
2935,5.8,2.8000000000000003
2936,5.8,2.9000000000000004
2937,5.8,3.0
2938,5.8,3.1
2939,5.8,3.2
2940,5.8,3.3000000000000003
2941,5.8,3.4000000000000004
2942,5.8,3.5
2943,5.8,3.6
2944,5.8,3.7
2945,5.8,3.8000000000000003
2946,5.8,3.9000000000000004
2947,5.8,4.0
2948,5.8,4.1000000000000005
2949,5.8,4.2
2950,5.8,4.3
2951,5.8,4.4
2952,5.8,4.5
2953,5.8,4.6000000000000005
2954,5.8,4.7
2955,5.8,4.800000000000001
2956,5.8,4.9
2957,5.8,5.0
2958,5.9,0.0
2959,5.9,0.1
2960,5.9,0.2
2961,5.9,0.30000000000000004
2962,5.9,0.4
2963,5.9,0.5
2964,5.9,0.6000000000000001
2965,5.9,0.7000000000000001
2966,5.9,0.8
2967,5.9,0.9
2968,5.9,1.0
2969,5.9,1.1
2970,5.9,1.2000000000000002
2971,5.9,1.3
2972,5.9,1.4000000000000001
2973,5.9,1.5
2974,5.9,1.6
2975,5.9,1.7000000000000002
2976,5.9,1.8
2977,5.9,1.9000000000000001
2978,5.9,2.0
2979,5.9,2.1
2980,5.9,2.2
2981,5.9,2.3000000000000003
2982,5.9,2.4000000000000004
2983,5.9,2.5
2984,5.9,2.6
2985,5.9,2.7
2986,5.9,2.8000000000000003
2987,5.9,2.9000000000000004
2988,5.9,3.0
2989,5.9,3.1
2990,5.9,3.2
2991,5.9,3.3000000000000003
2992,5.9,3.4000000000000004
2993,5.9,3.5
2994,5.9,3.6
2995,5.9,3.7
2996,5.9,3.8000000000000003
2997,5.9,3.9000000000000004
2998,5.9,4.0
2999,5.9,4.1000000000000005
3000,5.9,4.2
3001,5.9,4.3
3002,5.9,4.4
3003,5.9,4.5
3004,5.9,4.6000000000000005
3005,5.9,4.7
3006,5.9,4.800000000000001
3007,5.9,4.9
3008,5.9,5.0
3009,6.0,0.0
3010,6.0,0.1
3011,6.0,0.2
3012,6.0,0.30000000000000004
3013,6.0,0.4
3014,6.0,0.5
3015,6.0,0.6000000000000001
3016,6.0,0.7000000000000001
3017,6.0,0.8
3018,6.0,0.9
3019,6.0,1.0
3020,6.0,1.1
3021,6.0,1.2000000000000002
3022,6.0,1.3
3023,6.0,1.4000000000000001
3024,6.0,1.5
3025,6.0,1.6
3026,6.0,1.7000000000000002
3027,6.0,1.8
3028,6.0,1.9000000000000001
3029,6.0,2.0
3030,6.0,2.1
3031,6.0,2.2
3032,6.0,2.3000000000000003
3033,6.0,2.4000000000000004
3034,6.0,2.5
3035,6.0,2.6
3036,6.0,2.7
3037,6.0,2.8000000000000003
3038,6.0,2.9000000000000004
3039,6.0,3.0
3040,6.0,3.1
3041,6.0,3.2
3042,6.0,3.3000000000000003
3043,6.0,3.4000000000000004
3044,6.0,3.5
3045,6.0,3.6
3046,6.0,3.7
3047,6.0,3.8000000000000003
3048,6.0,3.9000000000000004
3049,6.0,4.0
3050,6.0,4.1000000000000005
3051,6.0,4.2
3052,6.0,4.3
3053,6.0,4.4
3054,6.0,4.5
3055,6.0,4.6000000000000005
3056,6.0,4.7
3057,6.0,4.800000000000001
3058,6.0,4.9
3059,6.0,5.0
