0.957,0.656,0.277,1.348,1.1969,1.1969,0.37416,1.1969,1.1969,0
0.902,0.142,0.9285,0.62763,0.92413,1.1569,0.8767,0.92413,1.1569,0
0.963,0.451,0.56,1.0196,2.9876,0.42015,0.37416,2.9876,0.42015,0
0.897,0.892,0.999,1.8168,0.834,0.12531,2.5048,0.834,0.12531,0
0.092,0.45,0.0715,1.0196,2.9876,1.4201,4.6159,2.9876,1.4201,0
0.963,0.893,0.9985,1.8168,0.834,1.1253,0.37416,0.834,1.1253,1
0.686,0.721,0.452,1.8896,7.4997,0.72428,0.36951,7.4997,0.72428,0
0.964,0.969,0.874,1.348,2.4032,1.2523,1.5031,2.4032,1.2523,0
0.879,0.778,0.984,2.0628,0.26435,0.50654,4.5683,0.26435,0.50654,0
0.897,0.337,0.54,1.8168,0.834,0.12531,1.5048,0.834,0.12531,0
0.155,0.656,0.9775,1.8168,0.834,0.12531,1.6888,0.834,0.12531,0
0.963,0.656,0.8735,2.0258,5.1294,0.25229,1.5031,5.1294,0.25229,0
0.861,0.998,0.876,1.8168,5.8332,0.25229,5.6798,5.8332,0.25229,0
0.963,0.623,0.56,1.9228,7.4997,1.3967,1.3742,7.4997,1.3967,0
0.963,0.903,0.9985,2.0258,0.834,1.2206,1.3148,0.834,1.2206,1
0.119,0.208,0.768,0.80329,5.5757,1.2818,2.8435,5.5757,1.2818,0
0.897,0.142,0.9685,2.0258,2.4032,1.1253,0.37416,2.4032,1.1253,0
0.897,0.99,0.8975,0.77943,1.834,1.1253,7.6944,1.834,1.1253,0
0.921,0.629,0.172,1.7284,4.7937,1.0675,2.0465,4.7937,1.0675,0
0.897,0.656,0.9685,0.46549,0.834,0.95552,5.5183,0.834,0.95552,0
0.805,0.921,0.669,1.8251,2.9848,0.17918,7.8093,2.9848,0.17918,0
0.08,0.178,0.3755,0.82997,0.92413,0.39885,8.0675,0.92413,0.39885,0
0.957,0.998,0.6755,0.29866,1.1969,1.1969,0.8767,1.1969,1.1969,0
0.25,0.054,0.7795,0.87452,1.6024,1.0101,6.4962,1.6024,1.0101,0
0.243,0.44,0.2195,0.91954,4.4729,1.2072,7.8818,4.4729,1.2072,0
0.78,0.919,0.8525,0.47658,3.1899,1.3856,1.7435,3.1899,1.3856,0
0.859,0.382,0.56,1.9228,2.018,1.117,0.92282,2.018,1.117,0
0.263,0.99,0.897,0.77943,5.6682,0.61322,7.6944,5.6682,0.61322,0
0.375,0.454,0.7525,0.21727,7.3833,0.65991,1.8093,7.3833,0.65991,0
0.861,0.655,0.912,1.4385,6.2004,0.25229,0.37416,6.2004,0.25229,0
0.711,0.87,0.852,1.4766,3.1899,0.38556,2.5166,3.1899,0.38556,0
0.637,0.679,0.8195,2.0258,6.4404,0.95552,0.37416,6.4404,0.95552,0
0.963,0.656,0.9685,1.8896,5.1294,0.25229,1.5031,5.1294,0.25229,0
0.861,0.998,0.932,1.348,1.5886,1.343,3.6105,1.5886,1.343,0
0.964,0.657,0.969,2.0258,2.4032,0.95552,1.3742,2.4032,0.95552,0
0.957,0.622,0.6755,1.348,2.1969,1.1969,1.8767,2.1969,1.1969,0
0.78,0.948,0.667,1.4464,3.7712,1.0647,3.0786,3.7712,1.0647,0
0.748,0.871,0.2305,0.73849,1.3041,1.2367,0.89588,1.3041,1.2367,0
0.999,0.572,0.513,0.90821,7.2206,1.348,7.9382,7.2206,1.348,0
0.054,0.136,0.6565,1.7702,2.9215,1.3041,5.3279,2.9215,1.3041,0
0.432,0.03,0.797,0.53616,6.2173,1.1492,3.4243,6.2173,1.1492,0
0.963,0.656,0.669,0.29866,3.7866,0.25229,0.37416,3.7866,0.25229,0
0.305,0.385,0.158,1.8818,2.4096,0.99209,7.5997,2.4096,0.99209,0
0.686,0.915,0.2015,1.1253,2.9222,0.50654,1.037,2.9222,0.50654,0
0.861,0.142,0.875,1.2987,4.7866,0.25229,2.1755,4.7866,0.25229,0
0.709,0.178,0.9285,0.82997,0.92413,0.39885,6.881,0.92413,0.39885,0
0.638,0.66,0.8195,0.17918,0.96806,1.1374,5.8966,0.96806,1.1374,0
0.897,0.891,0.999,1.8168,0.834,0.25229,1.5031,0.834,0.25229,0
0.964,0.656,0.56,1.8168,0.834,0.12531,1.5048,0.834,0.12531,0
0.571,0.337,0.7295,1.8168,0.834,0.12531,0.8767,0.834,0.12531,0
0.963,0.656,0.8735,0.29866,0.834,0.12531,1.5048,0.834,0.12531,0
0.957,0.382,0.6755,1.348,2.018,1.117,0.92282,2.018,1.117,0
0.624,0.914,0.9685,0.89309,5.3648,0.50312,4.759,5.3648,0.50312,0
0.798,0.882,0.2975,0.87305,0.52325,1.2206,7.2492,0.52325,1.2206,0
0.957,0.892,0.8735,1.348,0.834,0.25229,1.5031,0.834,0.25229,0
0.902,0.656,0.6755,2.093,1.1969,1.3967,0.37416,1.1969,1.3967,0
0.963,0.656,0.999,1.9228,2.4032,1.1253,0.37416,2.4032,1.1253,1
0.1,0.359,0.8735,0.29866,5.7222,0.25229,1.5031,5.7222,0.25229,0
0.446,0.3,0.876,1.4118,1.3672,1.1334,6.9954,1.3672,1.1334,0
0.594,0.531,0.7995,1.8694,4.1086,0.90003,5.7304,4.1086,0.90003,0
0.879,0.89,0.2015,1.1253,7.4483,0.50654,3.5183,7.4483,0.50654,0
0.898,0.894,0.999,1.8168,0.834,1.1253,2.5048,0.834,1.1253,0
0.106,0.529,0.3365,0.6955,5.5609,1.1294,4.8024,5.5609,1.1294,0
0.963,0.143,0.422,1.8168,2.9222,1.1253,0.37416,2.9222,1.1253,0
0.315,0.961,0.7065,1.4892,7.6944,0.11703,3.0717,7.6944,0.11703,0
0.859,0.382,0.56,1.9228,2.018,1.117,0.92282,2.018,1.117,0
0.363,0.911,0.7525,0.83957,6.7665,0.36482,2.5249,6.7665,0.36482,0
0.897,0.337,0.5395,1.8168,0.834,0.12531,1.5048,0.834,0.12531,0
0.861,0.998,0.8735,1.8168,3.7866,0.25229,1.5031,3.7866,0.25229,0
0.677,0.584,0.3785,2.04,0.72941,0.21727,2.035,0.72941,0.21727,0
0.583,0.811,0.9325,1.348,1.5886,1.3967,4.6105,1.5886,1.3967,0
0.805,0.915,0.669,1.8251,2.9848,0.7149,7.8093,2.9848,0.7149,0
0.861,0.629,0.7295,1.7222,4.7866,1.0675,4.1864,4.7866,1.0675,0
0.963,0.623,0.9685,1.8896,7.4997,1.1969,0.37416,7.4997,1.1969,0
0.957,0.622,0.8095,1.3788,7.3765,0.52975,3.6105,7.3765,0.52975,0
0.772,0.9,0.5525,1.7138,7.5393,1.401,6.0814,7.5393,1.401,0
0.1,0.359,0.8825,1.8016,5.7222,0.87159,2.971,5.7222,0.87159,0
0.114,0.893,0.746,0.24613,5.5362,1.1253,3.2614,5.5362,1.1253,0
0.805,0.128,0.401,0.89099,1.634,1.2206,1.3148,1.634,1.2206,0
0.902,0.177,0.4015,2.093,0.19691,1.2206,0.8767,0.19691,1.2206,0
0.568,0.432,0.1655,0.73849,1.3041,1.3201,1.1253,1.3041,1.3201,0
0.963,0.656,0.2305,0.97506,1.3041,1.3201,2.0465,1.3041,1.3201,0
0.656,0.37,0.2195,1.9338,3.4579,1.2072,0.21727,3.4579,1.2072,0
0.861,0.998,0.876,0.73849,5.8332,0.25229,0.8767,5.8332,0.25229,0
0.78,0.919,0.7135,0.88675,3.1899,1.117,0.92282,3.1899,1.117,0
0.343,0.871,0.2875,1.0385,4.2875,0.80415,2.6092,4.2875,0.80415,0
0.257,0.723,0.11,1.1899,0.52325,1.085,4.9585,0.52325,1.085,0
0.172,0.286,0.861,1.381,1.8917,0.11284,6.3227,1.8917,0.11284,0
0.772,0.9,0.5525,0.44439,1.6237,1.08,6.1453,1.6237,1.08,0
0.733,0.758,0.0625,1.4464,6.4324,1.4711,6.5871,6.4324,1.4711,0
0.175,0.122,0.7995,1.7243,2.8226,0.86864,6.4945,2.8226,0.86864,0
0.963,0.998,0.8735,1.348,1.1969,1.1969,1.5031,1.1969,1.1969,0
0.957,0.998,0.8735,1.348,0.834,0.25229,1.5048,0.834,0.25229,0
0.16,0.32,0.999,1.8427,5.6575,0.58001,2.0465,5.6575,0.58001,0
0.25,0.142,0.78,0.1,1.6024,1.0101,6.4962,1.6024,1.0101,0
0.963,0.656,0.422,1.8818,2.9222,0.86864,0.37416,2.9222,0.86864,0
0.252,0.805,0.1515,1.6877,1.4502,0.91023,6.5346,1.4502,0.91023,0
0.544,0.63,0.217,2.0258,2.6527,1.343,4.634,2.6527,1.343,0
0.859,0.656,0.56,1.9228,2.4032,0.95552,0.92282,2.4032,0.95552,0
0.916,0.316,0.709,1.4118,1.3672,0.7149,0.59831,1.3672,0.7149,0
0.278,0.498,0.932,1.7222,4.0818,1.0638,3.4385,4.0818,1.0638,0
0.171,0.286,0.56,1.9228,1.3041,0.11284,0.37416,1.3041,0.11284,0
0.902,0.142,0.9285,1.6276,3.7866,0.25229,0.8767,3.7866,0.25229,0
0.522,0.998,0.764,1.348,0.14532,0.12531,1.5031,0.14532,0.12531,0
0.902,0.142,0.6755,2.093,1.1969,1.1969,0.8767,1.1969,1.1969,0
0.589,0.317,0.9685,2.0258,2.4032,0.95552,0.37416,2.4032,0.95552,0
0.493,0.13,0.872,1.7222,1.5886,1.4802,4.1864,1.5886,1.4802,0
1,0.033,1,1.2367,0.1,0.99265,0.47658,0.1,0.99265,0
0.73,0.69,0.5785,1.1043,6.7646,0.64158,4.2072,6.7646,0.64158,0
1,0.288,0.8605,1.7107,6.6539,0.61587,0.1,6.6539,0.61587,0
0.794,0.094,0.05,2.1,7.799,0.1,0.1,7.799,0.1,0
0.466,0.912,0.131,0.22385,5.8875,0.68883,1.8752,5.8875,0.68883,0
0.74,0.826,0.2495,0.65509,5.9395,0.68433,7.996,5.9395,0.68433,0
0.315,0.01,1,1.4636,3.1828,1.1531,0.1,3.1828,1.1531,0
1,0.01,1,1.6159,0.1,1.2399,0.1,0.1,1.2399,0
1,0.608,1,1.5713,5.4502,0.84586,1.4181,5.4502,0.84586,1
0.606,0.01,0.457,0.1,0.1,1.348,3.3227,0.1,1.348,0
0.721,0.048,0.731,1.4284,1.4139,1.1128,1.4522,1.4139,1.1128,0
1,0.201,1,1.5265,7.799,1.381,0.23354,7.799,1.381,1
1,0.424,1,1.8582,0.90277,1.1828,0.1,0.90277,1.1828,1
0.711,0.269,0.695,1.3856,5.3989,0.1607,2.6145,5.3989,0.1607,0
1,0.484,1,1.1253,7.799,1.3405,0.1,7.799,1.3405,1
1,0.112,1,1.2173,4.5487,1.3304,0.10432,4.5487,1.3304,0
0.869,0.01,0.448,0.64033,7.799,0.65145,0.1,7.799,0.65145,0
1,0.847,1,0.50654,2.59,0.15308,4.6623,2.59,0.15308,0
1,0.176,1,1.5133,0.1,1.4655,0.1,0.1,1.4655,0
0.833,1,1,0.1,0.1,0.49794,0.1,0.1,0.49794,0
1,0.01,1,2.1,7.799,0.28184,0.1,7.799,0.28184,0
0.131,0.772,0.604,1.0689,5.4856,0.22385,7.4424,5.4856,0.22385,0
1,0.05,1,2.1,7.799,0.96392,0.1,7.799,0.96392,0
1,0.246,1,1.9915,4.2038,0.59136,0.1,4.2038,0.59136,1
1,0.117,1,1.8007,3.1334,0.59831,0.21059,3.1334,0.59831,1
1,0.01,1,1.2818,7.799,0.1,0.1,7.799,0.1,0
0.264,0.879,1,1.811,4.8459,0.87305,0.1,4.8459,0.87305,0
1,0.064,1,1.2614,7.3577,0.51162,1.1531,7.3577,0.51162,0
1,0.01,1,1.544,0.1,1.3253,0.1,0.1,1.3253,0
1,0.875,0.8775,0.25534,0.1,0.93632,7.9982,0.1,0.93632,0
0.83,0.657,0.1315,0.85051,2.2367,1.117,5.7964,2.2367,1.117,0
1,0.411,1,1.8679,7.799,0.75128,0.1,7.799,0.75128,1
1,0.612,1,2.1,0.1,0.35527,0.1,0.1,0.35527,1
1,0.01,0.9795,1.3967,0.1,1.0063,1.8016,0.1,1.0063,0
0.018,0.443,0.786,1.333,3.1294,1.0974,2.6366,3.1294,1.0974,0
1,0.165,1,1.6832,0.29866,0.96153,0.1,0.29866,0.96153,1
0.77,0.01,1,0.65023,5.1531,1.1294,0.94757,5.1531,1.1294,0
0.227,0.363,0.34,0.1,2.9401,0.70097,0.1,2.9401,0.70097,0
1,0.13,1,1.1,7.7637,1.3833,0.1,7.7637,1.3833,0
1,0.01,1,1.2461,1.2761,0.1,0.1,1.2761,0.1,0
1,0.238,0.3145,1.5728,7.7212,0.66348,0.1,7.7212,0.66348,0
0.671,0.412,0.5985,0.74542,2.3945,0.43244,0.71909,2.3945,0.43244,0
0.531,0.946,0.4565,0.7721,1.1719,1.0647,4.8846,1.1719,1.0647,0
1,0.01,0.05,2.1,7.4365,0.1,4.701,7.4365,0.1,0
1,0.421,0.987,2.1,7.1969,1.1086,0.1,7.1969,1.1086,1
0.093,0.619,0.4195,1.1086,2.9785,1.2239,0.73043,2.9785,1.2239,0
0.191,0.113,0.398,1.7117,4.1969,0.59693,6.6237,4.1969,0.59693,0
1,0.732,1,1.2703,0.82346,0.95552,0.13342,0.82346,0.95552,1
0.368,0.8,0.894,1.333,7.033,0.23672,1.7053,7.033,0.23672,0
1,0.171,1,2.1,7.2644,1.2239,0.1,7.2644,1.2239,1
0.408,0.01,0.155,0.1,7.799,0.8356,0.1,7.799,0.8356,0
1,0.233,1,2.1,1.6159,0.93378,0.1,1.6159,0.93378,1
1,0.353,1,1.4075,3.7803,1.2367,0.10432,3.7803,1.2367,1
1,0.21,1,1.0661,7.799,0.1,0.1,7.799,0.1,0
0.915,0.313,0.4745,0.1,0.1,1.1792,4.04,0.1,1.1792,0
0.906,0.01,0.8965,2.0238,0.1,0.39667,1.9202,0.1,0.39667,0
0.485,0.01,0.7565,2.1,4.2271,0.1,1.4784,4.2271,0.1,0
0.72,0.01,0.83,2.1,3.5362,1.0079,2.4997,3.5362,1.0079,0
0.447,0.516,0.716,0.1,0.1,0.1,3.7493,0.1,0.1,0
0.925,0.01,1,0.72014,2.8067,0.1,0.81096,2.8067,0.1,0
1,0.322,1,2.1,3.5654,1.3695,0.1,3.5654,1.3695,1
1,0.552,1,1.6276,7.799,1.1645,0.1,7.799,1.1645,1
1,0.01,1,1.3355,5.8767,0.88817,0.12938,5.8767,0.88817,0
1,0.523,1,1.0708,0.1,1.0009,0.1,0.1,1.0009,1
1,0.12,1,1.7911,0.34551,0.88319,0.1,0.34551,0.88319,1
1,0.283,0.6955,0.60379,3.5857,0.15308,2.4874,3.5857,0.15308,0
1,0.268,1,1.5409,7.0365,1.0101,0.1,7.0365,1.0101,1
0.257,0.262,1,2.1,0.1,0.96923,0.1,0.1,0.96923,0
0.451,0.333,1,1.7693,1.5742,0.717,4.8973,1.5742,0.717,0
0.25,0.219,0.855,1.0996,4.3279,1.0671,8.1,4.3279,1.0671,0
0.501,0.262,0.772,2.1,4.2761,1.2206,8.1,4.2761,1.2206,0
1,0.778,1,0.89934,1.5362,1.002,0.1,1.5362,1.002,1
0.068,0.01,1,2.1,7.0165,0.1,8.1,7.0165,0.1,0
1,0.088,1,1.2461,7.3923,1.0484,0.1,7.3923,1.0484,0
1,0.21,1,1.5314,0.43846,0.35042,0.1,0.43846,0.35042,1
0.038,0.162,0.4505,1.3504,3.7721,0.82997,0.5216,3.7721,0.82997,0
1,0.245,1,1.6211,1.52,1.1934,0.1,1.52,1.1934,1
1,0.09,1,2.1,3.7325,1.0284,0.1,3.7325,1.0284,1
0.985,0.026,1,1.3577,5.5487,0.82016,0.11284,5.5487,0.82016,0
1,0.01,1,1.5378,7.799,0.1,0.1,7.799,0.1,0
1,1,1,2.1,7.799,1.2644,8.1,7.799,1.2644,0
0.684,1,0.05,1.0987,7.799,0.28469,0.1,7.799,0.28469,0
1,0.533,0.9995,1.2644,0.79897,0.7902,0.12119,0.79897,0.7902,1
1,0.01,0.53,1.1569,7.799,0.1,0.1,7.799,0.1,0
1,0.078,1,1.4617,0.1,0.20037,0.1,0.1,0.20037,0
1,0.123,0.9595,1.416,0.1,1.1569,0.1,0.1,1.1569,0
1,0.336,0.05,1.6855,3.6132,0.99542,4.9075,3.6132,0.99542,0
1,0.061,1,1.8482,0.1,0.97795,0.1,0.1,0.97795,0
1,0.22,1,2.0657,5.3405,1.0053,0.1,5.3405,1.0053,1
1,0.094,1,1.8033,6.1755,1.3041,0.1,6.1755,1.3041,1
0.631,0.86,0.9235,0.57567,1.7395,1.0576,5.2875,1.7395,1.0576,0
1,0.375,0.983,1.5983,7.799,0.45984,0.40535,7.799,0.45984,1
0.259,0.7,0.762,1.7628,4.3718,0.65509,2.4464,4.3718,0.65509,0
1,0.139,1,1.52,2.783,0.54716,0.1,2.783,0.54716,1
0.977,0.45,0.2125,0.9055,0.54404,0.93187,0.1,0.54404,0.93187,0
1,0.01,0.954,1.9837,6.4692,0.3833,0.35285,6.4692,0.3833,0
0.688,1,0.2725,1.3648,7.1128,0.90889,8.1,7.1128,0.90889,0
1,0.118,1,1.4385,7.799,0.69439,0.1,7.799,0.69439,1
1,0.078,1,1.2173,2.5362,0.94572,0.27609,2.5362,0.94572,0
1,0.439,1,1.8889,7.799,0.48202,0.18991,7.799,0.48202,1
0.572,0.28,0.931,1.9055,7.799,0.14922,0.14922,7.799,0.14922,0
1,0.145,1,1.4856,7.799,1.1414,0.1,7.799,1.1414,1
1,0.171,1,1.0731,7.4674,1.1569,0.1,7.4674,1.1569,0
1,0.059,1,2.1,0.17918,0.1,0.1,0.17918,0.1,0
1,0.025,0.1555,1.1864,0.12119,0.24613,0.1,0.12119,0.24613,0
1,0.136,1,1.6315,1.5298,0.47658,0.1,1.5298,0.47658,1
0.124,0.171,0.428,1.3014,5.2139,0.29312,3.5099,5.2139,0.29312,0
1,0.285,1,1.1864,6.2038,0.99708,0.1,6.2038,0.99708,1
1,0.17,1,1.1128,0.1,0.47475,0.1,0.1,0.47475,0
1,0.591,1,0.1,0.1,0.74345,6.7503,0.1,0.74345,0
1,0.22,1,2.0133,0.26435,1.3648,0.1,0.26435,1.3648,1
1,0.01,1,1.1374,2.5728,1.0619,0.1,2.5728,1.0619,0
0.495,0.607,0.389,0.14532,6.4979,1.1043,4.7551,6.4979,1.1043,0
0.598,0.188,0.0855,0.57567,4.6694,0.55025,4.1755,4.6694,0.55025,0
1,0.72,0.999,1.7415,3.4711,1.3041,0.1,3.4711,1.3041,1
0.876,0.042,1,1.4892,7.799,0.1,2.1531,7.799,0.1,0
0.428,0.16,0.602,1.0222,3.0647,1.2004,0.1,3.0647,1.2004,0
1,0.346,1,1.6145,4.7955,0.1,0.10432,4.7955,0.1,1
1,1,0.05,0.1,7.4385,0.1,0.1,7.4385,0.1,0
1,0.01,1,1.6079,2.6315,0.76839,0.1,2.6315,0.76839,0
1,0.288,1,2.1,7.4324,0.1,6.8513,7.4324,0.1,0
1,1,1,1.7972,6.2139,0.1,0.1,6.2139,0.1,1
1,0.577,1,1.891,7.799,0.1,0.1,7.799,0.1,1
0.168,0.585,0.3685,1.9082,5.8589,0.64158,7.7637,5.8589,0.64158,0
1,0.01,0.5405,1.7702,7.799,1.2139,0.1,7.799,1.2139,0
1,0.089,0.9875,2.1,6.3227,0.23988,0.1,6.3227,0.23988,0
0.807,0.479,0.992,0.95854,1.0474,0.61455,0.80501,1.0474,0.61455,0
1,0.972,1,2.1,7.4997,1.04,0.1,7.4997,1.04,1
0.727,0.094,0.797,2.0154,0.11284,1.1682,0.31484,0.11284,1.1682,0
1,0.218,1,1.982,6.0274,0.9451,0.1,6.0274,0.9451,1
1,0.187,1,1.8396,4.5814,0.6955,0.10432,4.5814,0.6955,1
0.254,0.737,0.069,0.98024,3.0128,1.3553,0.47475,3.0128,1.3553,0
0.698,0.076,0.2275,1.5487,0.25534,0.7464,4.1453,0.25534,0.7464,0
1,0.133,1,1.0795,0.78485,1.343,0.16446,0.78485,1.343,0
0.233,0.327,0.9085,1.1682,2.7484,0.69879,4.2367,2.7484,0.69879,0
1,0.288,1,2.1,7.5624,1.3788,0.1,7.5624,1.3788,1
0.888,0.01,0.6905,1.1682,7.799,0.1,0.21394,7.799,0.1,0
1,0.198,1,2.0868,5.2367,0.1,0.1,5.2367,0.1,1
0.687,0.953,1,2.1,7.799,0.1,0.1,7.799,0.1,0
0.319,0.721,1,0.40535,5.6263,0.94386,2.3041,5.6263,0.94386,0
1,0.02,1,0.14139,7.799,0.29312,2.3695,7.799,0.29312,0
1,1,1,0.59276,0.1,0.8574,0.1,0.1,0.8574,1
1,0.106,0.7415,0.84273,0.1,0.1,3.0576,0.1,0.1,0
1,0.129,1,1.8364,4.5914,0.17918,0.1,4.5914,0.17918,1
0.182,0.383,0.863,0.16819,0.96688,0.92478,8.046,0.96688,0.92478,0
1,0.01,0.416,1.4385,7.7031,0.1,0.1,7.7031,0.1,0
1,0.961,1,1.3833,7.799,0.75514,8.1,7.799,0.75514,0
0.227,0.09,0.8045,0.19691,3.3227,0.88888,4.2732,3.3227,0.88888,0
1,0.41,0.4375,0.63782,0.27319,0.68659,5.4385,0.27319,0.68659,0
1,0.754,0.6725,2.1,3.0315,1.1569,0.45603,3.0315,1.1569,0
1,0.142,1,2.1,0.1,1.2072,0.1,0.1,1.2072,1
1,0.179,1,1.4784,7.799,0.12119,0.1,7.799,0.12119,1
1,0.32,1,1.2271,7.799,0.4927,0.80672,7.799,0.4927,1
1,0.814,1,2.1,7.799,0.96688,8.1,7.799,0.96688,0
0.182,0.915,0.726,2.1,6.2492,1.034,0.76087,6.2492,1.034,0
1,0.482,1,1.2987,4.1864,1.1607,0.1,4.1864,1.1607,1
1,0.168,1,2.1,0.1,0.82509,0.1,0.1,0.82509,1
1,0.066,1,1.2553,6.9871,1.0186,0.1,6.9871,1.0186,0
1,0.143,1,1.6682,7.0504,0.98195,0.1,7.0504,0.98195,1
1,0.227,1,1.3577,1.0191,0.23672,0.1,1.0191,0.23672,1
1,0.128,1,1.8868,7.799,0.1,2.7821,7.799,0.1,0
0.743,0.01,0.0775,0.1,0.1,0.29312,5.9573,0.1,0.29312,0
1,0.75,1,2.1,6.1492,0.35527,4.1792,6.1492,0.35527,0
0.836,0.286,0.544,2.1,7.799,1.1294,0.25229,7.799,1.1294,0
1,0.01,1,2.1,7.799,1.0818,0.1,7.799,1.0818,0
1,0.01,1,1.5298,4.6378,0.24613,0.1,4.6378,0.24613,0
1,0.012,1,2.1,3.1645,0.33045,0.1,3.1645,0.33045,0
1,0.851,1,1.9882,7.799,0.1,0.1,7.799,0.1,1
1,0.155,1,1.928,7.799,0.70746,0.1607,7.799,0.70746,1
1,1,1,1.5639,3.2271,0.1,7.038,3.2271,0.1,0
1,0.156,1,1.4483,5.5997,0.14922,0.1,5.5997,0.14922,1
1,0.642,1,2.1,0.1,1.343,7.7675,0.1,1.343,0
0.819,0.036,1,0.1,6.1453,0.24922,0.91558,6.1453,0.24922,0
1,0.287,1,0.95673,7.799,0.44242,0.1,7.799,0.44242,0
1,0.19,1,1.4674,7.6611,1.1086,0.45984,7.6611,1.1086,1
1,0.372,1,1.5425,7.799,0.50824,0.1,7.799,0.50824,1
0.749,0.388,0.209,1.625,0.82016,1.0939,2.7875,0.82016,1.0939,0
0.321,0.181,0.571,0.39226,3.625,0.67403,1.4464,3.625,0.67403,0
1,0.099,1,1.3856,7.6378,1.0538,0.1,7.6378,1.0538,0
1,0.119,0.05,1.5843,0.1,0.28752,0.1,0.1,0.28752,0
1,0.211,1,1.3765,3.9609,1.1374,0.10432,3.9609,1.1374,1
0.154,0.611,0.9365,1.5314,3.8924,0.70746,7.2847,3.8924,0.70746,0
1,0.138,1,2.1,0.54404,0.72428,0.1,0.54404,0.72428,1
0.974,0.01,0.5055,1.2335,7.799,0.1,2.83,7.799,0.1,0
1,0.326,1,1.83,6.0974,0.1,0.1,6.0974,0.1,1
1,0.098,1,1.515,0.1,1.2038,0.1,0.1,1.2038,1
0.88,0.01,1,2.1,7.799,1.2903,0.1,7.799,1.2903,0
0.857,0.288,0.848,1.6211,0.66585,0.43646,2.1212,0.66585,0.43646,0
0.982,0.01,0.8425,0.55637,1.0974,1.1086,0.1,1.0974,1.1086,0
1,0.253,1,1.3648,0.1,0.26137,0.1,0.1,0.26137,1
1,0.347,1,2.1,4.1374,1.2673,0.1,4.1374,1.2673,1
0.725,0.107,1,0.36245,1.416,0.1,0.51497,1.416,0.1,0
1,0.529,1,2.1,7.799,1.1128,0.1,7.799,1.1128,1
1,0.289,1,0.96451,0.1,1.1899,1.4579,0.1,1.1899,0
1,0.243,1,1.4766,0.25229,0.56982,0.1,0.25229,0.56982,1
0.979,0.938,1,1.6145,1.8657,0.14532,0.1,1.8657,0.14532,1
0.595,0.601,0.2395,0.55179,5.4404,1.1414,2.4856,5.4404,1.1414,0
1,0.145,1,1.0042,0.77394,0.9657,0.1,0.77394,0.9657,0
0.971,0.378,0.729,2.0279,6.0703,0.67978,2.243,6.0703,0.67978,0
1,0.01,0.758,1.6563,7.799,0.1,2.1864,7.799,0.1,0
0.574,0.465,0.9425,2.1,7.799,0.1,1.338,7.799,0.1,0
0.461,0.274,0.543,0.31748,7.1,0.38103,6.5099,7.1,0.38103,0
1,0.01,1,1.816,7.799,0.4483,0.42634,7.799,0.4483,0
1,0.106,1,1.1212,7.799,0.95673,0.1,7.799,0.95673,0
1,0.01,0.986,1.8973,7.799,0.649,0.45025,7.799,0.649,0
0.983,0.378,0.5535,1.5533,5.0513,1.2818,0.78753,5.0513,1.2818,0
1,0.275,1,1.4711,7.3253,1.1212,0.1,7.3253,1.1212,1
1,0.01,0.702,1.4502,7.799,0.46736,0.1,7.799,0.46736,0
1,0.057,0.997,1.3967,7.7675,1.0974,0.1,7.7675,1.0974,0
1,0.338,1,0.43445,7.799,0.1,0.1,7.799,0.1,0
1,0.106,1,2.1,7.1934,0.72221,0.1,7.1934,0.72221,1
1,1,1,0.70206,2.3672,0.79285,0.1,2.3672,0.79285,1
1,0.352,1,1.8853,7.0058,0.36007,0.1,7.0058,0.36007,1
1,0.619,1,1.8574,7.799,1.0652,0.1,7.799,1.0652,1
1,0.277,1,1.6647,0.1,1.348,0.1,0.1,1.348,1
0.651,0.014,1,0.33553,7.799,0.50483,6.5669,7.799,0.50483,0
1,0.172,0.9575,0.95914,3.8024,0.72221,0.1,3.8024,0.72221,0
1,0.028,1,0.96392,7.799,1.2004,3.279,7.799,1.2004,0
1,0.14,1,1.52,3.2553,0.67171,0.44044,3.2553,0.67171,1
1,0.268,0.972,1.1294,0.1,0.1,0.1,0.1,0.1,0
1,0.375,1,1.9109,7.2072,1.0128,0.1,7.2072,1.0128,1
1,0.01,0.4715,0.28469,7.2761,0.65145,2.5942,7.2761,0.65145,0
0.755,1,0.9295,2.0196,5.8292,1.3504,0.1,5.8292,1.3504,0
1,0.819,0.9385,2.1,7.799,0.1,1.6694,7.799,0.1,1
1,0.076,1,1.6988,7.799,0.21059,0.1,7.799,0.21059,0
1,0.076,1,1.1899,6.852,1.2367,0.1,6.852,1.2367,0
1,0.753,0.882,1.7454,6.6563,0.84351,0.1,6.6563,0.84351,1
0.926,0.935,0.716,1.381,7.3122,0.8007,4.1828,7.3122,0.8007,0
0.927,0.01,0.996,0.57422,6.811,0.1,0.20037,6.811,0.1,0
1,0.106,1,1.6211,0.1,1.3201,0.1,0.1,1.3201,1
1,0.055,1,2.1,0.36951,0.1,0.1,0.36951,0.1,0
0.88,0.063,0.8565,1.9756,1.1043,0.1,0.1,1.1043,0.1,0
1,0.01,1,1.6658,5.8604,0.97216,0.1,5.8604,0.97216,0
1,0.01,1,1.2173,7.6575,0.25836,0.14139,7.6575,0.25836,0
1,0.148,1,1.5669,7.799,0.30952,2.8664,7.799,0.30952,0
1,0.078,1,1.4909,1.333,0.72325,0.1,1.333,0.72325,0
1,1,0.765,2.1,7.799,1.1253,2.8259,7.799,1.1253,0
1,0.01,0.1985,2.1,7.799,0.36951,0.1,7.799,0.36951,0
1,0.01,0.142,0.1,1.2584,0.32531,0.1,1.2584,0.32531,0
1,0.028,1,1.5346,7.799,1.1864,0.1,7.799,1.1864,0
1,0.01,0.05,1.9965,1.6539,0.1,1.2004,1.6539,0.1,0
0.841,0.522,1,0.50654,1.1682,0.56538,1.0713,1.1682,0.56538,0
1,0.287,1,2.1,5.0248,0.84586,0.4927,5.0248,0.84586,1
1,0.01,0.134,2.1,0.1,0.1,0.1,0.1,0.1,0
1,0.157,1,0.82997,0.1,1.0671,0.1,0.1,1.0671,0
1,0.366,1,2.1,7.799,0.89727,0.48917,7.799,0.89727,1
0.229,0.262,0.5455,1.9021,3.4118,0.1,1.8185,3.4118,0.1,0
1,0.211,1,1.6988,7.4201,0.48917,0.1,7.4201,0.48917,1
1,0.58,0.87,2.1,7.799,0.37875,0.1,7.799,0.37875,1
1,0.749,0.8085,0.1,7.7702,0.12531,5.6132,7.7702,0.12531,0
0.146,0.01,0.799,1.5843,7.1414,1.243,1.4711,7.1414,1.243,0
0.999,0.221,1,0.99653,6.5502,0.1,0.1,6.5502,0.1,0
1,0.122,1,1.4579,7.799,0.82754,0.1,7.799,0.82754,1
1,0.279,1,1.4802,6.9451,0.93948,0.1,6.9451,0.93948,1
1,0.01,1,2.0786,6.5502,0.91954,0.1,6.5502,0.91954,0
0.784,0.835,0.2845,2.0063,7.7085,0.88746,0.69106,7.7085,0.88746,0
1,0.192,1,1.401,2.5942,1.2931,0.1,2.5942,1.2931,1
1,0.175,0.958,1.9388,2.7263,0.6966,0.1,2.7263,0.6966,1
0.238,0.19,0.724,1.5065,3.5216,0.57422,1.8404,3.5216,0.57422,0
1,0.106,1,2.1,4.8642,0.53136,0.1,4.8642,0.53136,1
1,0.01,1,1.6315,7.799,0.1,0.64654,7.799,0.1,0
1,0.582,1,0.69879,1.0727,1.1969,0.1,1.0727,1.1969,0
0.163,0.854,0.565,1.8875,0.93506,0.64654,6.4729,0.93506,0.64654,0
0.063,0.01,0.469,0.16446,1.6575,0.1,5.3279,1.6575,0.1,0
0.726,0.916,0.365,1.4784,5.4784,0.45603,6.1453,5.4784,0.45603,0
1,0.517,1,1.2106,7.4304,0.37416,0.1,7.4304,0.37416,1
1,0.23,1,1.333,0.1,0.82346,0.1,0.1,0.82346,1
0.7,0.01,1,1.0795,7.799,0.1,0.1,7.799,0.1,0
0.051,0.152,0.9935,2.1,6.7201,1.0122,0.1,6.7201,1.0122,0
1,0.51,1,0.73749,2.7821,0.68771,0.14139,2.7821,0.68771,0
1,1,1,1.7415,0.6955,0.85435,0.1,0.6955,0.85435,1
1,0.117,1,1.6599,5.5786,0.89657,0.1,5.5786,0.89657,1
1,0.266,1,2.1,0.1,0.28469,0.1,0.1,0.28469,1
1,0.154,0.9395,1.0586,3.9768,0.1,0.1,3.9768,0.1,0
1,0.249,1,1.3788,7.799,0.53933,0.1,7.799,0.53933,1
1,0.413,1,0.77669,7.799,0.70314,1.3201,7.799,0.70314,0
1,0.213,1,1.4345,3.7684,1.3923,0.1,3.7684,1.3923,0
1,0.261,1,1.2584,0.1,0.99432,0.1,0.1,0.99432,1
0.703,0.953,0.9955,1.2818,0.25836,1.0722,0.30412,0.25836,1.0722,0
1,0.134,1,1.7785,0.1,0.1,0.1,0.1,0.1,1
1,0.554,0.9735,0.73548,6.8709,1.3529,0.1,6.8709,1.3529,0
1,0.219,1,1.7618,6.2399,0.77025,0.1,6.2399,0.77025,1
1,0.153,1,2.1,7.799,1.3175,0.17918,7.799,1.3175,1
1,0.886,1,1.0345,3.3095,0.1,0.87887,3.3095,0.1,1
1,0.259,1,0.1,7.799,0.23672,0.1,7.799,0.23672,0
1,0.067,1,2.009,5.0036,1.3405,0.1,5.0036,1.3405,0
0.965,0.55,0.62,0.94942,7.799,0.1,1.2106,7.799,0.1,0
0.746,0.119,1,2.1,7.799,0.45218,0.1,7.799,0.45218,0
1,0.126,0.248,1.928,7.4444,0.8679,0.1,7.4444,0.8679,0
1,0.01,1,1.0576,0.1,0.12119,0.12531,0.1,0.12119,0
1,0.01,0.966,1.381,4.0232,0.97679,0.1,4.0232,0.97679,0
0.991,0.061,0.9695,1.2139,0.1,0.82099,0.1,0.1,0.82099,0
0.489,0.406,0.1455,2.1,0.1,0.1,0.1,0.1,0.1,0
1,0.167,1,1.8451,0.1,0.96451,0.1,0.1,0.96451,1
1,0.121,1,1.2303,7.6635,1.2875,0.66348,7.6635,1.2875,0
1,0.471,0.292,1.5654,0.1,1.0926,0.23354,0.1,1.0926,0
1,0.593,1,1.7355,4.0435,1.3742,0.1,4.0435,1.3742,1
1,0.01,1,1.1755,6.5472,0.86042,0.1,6.5472,0.86042,0
0.354,0.227,0.05,2.1,2.4945,0.1,0.1,2.4945,0.1,0
1,0.157,1,2.1,6.3718,0.79373,0.1,6.3718,0.79373,1
0.507,0.747,0.05,1.2644,1.6866,0.52813,1.4032,1.6866,0.52813,0
0.917,0.411,1,0.73043,0.2271,0.1,5.1531,0.2271,0.1,0
1,0.011,1,1.4222,7.6955,1.0465,0.1,7.6955,1.0465,0
1,0.12,1,0.97099,3.3355,1.1969,0.1,3.3355,1.1969,0
1,0.146,1,1.2303,7.3253,1.0657,0.1,7.3253,1.0657,0
1,0.01,1,1.7571,0.43041,0.33553,0.1,0.43041,0.33553,0
1,0.526,1,0.1,0.41597,0.1,0.47291,0.41597,0.1,0
0.895,0.362,1,1.3577,7.799,0.66348,3.0576,7.799,0.66348,0
1,0.01,1,1.52,2.2335,1.5502,0.1,2.2335,1.5502,0
1,0.163,1,1.2847,5.7222,0.53136,0.11703,5.7222,0.53136,0
1,0.181,1,1.3856,5.2847,0.94198,0.17555,5.2847,0.94198,1
1,0.01,1,1.1792,7.799,0.77394,0.28752,7.799,0.77394,0
0.662,0.875,0.3775,0.45793,7.6403,0.1,0.54248,7.6403,0.1,0
0.74,0.707,0.9745,0.1,7.799,0.1086,0.1,7.799,0.1086,0
0.726,0.153,1,0.60786,1.701,0.1,0.8007,1.701,0.1,0
1,0.82,0.7135,1.8566,7.3856,1.018,0.1,7.3856,1.018,1
0.461,0.8,0.7295,0.22385,7.2523,1.1934,2.5216,7.2523,1.1934,0
0.306,0.01,1,2.1,1.2335,0.1,4.0647,1.2335,0.1,0
1,1,0.4785,1.7425,7.799,0.43445,0.1,7.799,0.43445,0
1,0.468,0.839,1.3695,0.55939,0.98423,0.1,0.55939,0.98423,0
1,0.232,0.9865,1.3529,7.1682,0.29033,0.1,7.1682,0.29033,1
1,0.01,1,1.5843,7.6563,0.78574,0.12938,7.6563,0.78574,0
1,0.209,1,1.7911,7.799,1.333,0.1,7.799,1.333,1
0.891,0.01,0.8885,2.1,7.799,0.1,0.19342,7.799,0.1,0
1,0.158,1,2.1,0.1,0.1,0.1,0.1,0.1,1
1,0.01,1,2.0759,3.2303,1.3227,0.1,3.2303,1.3227,0
1,0.398,1,1.3405,2.6866,0.1,4.3718,2.6866,0.1,0
0.865,0.316,0.312,2.1,1.4032,0.1,1.5594,1.4032,0.1,0
1,0.061,0.3105,0.97448,7.7243,1.333,0.1,7.7243,1.333,0
1,0.01,1,2.1,2.348,1.1645,0.14532,2.348,1.1645,0
1,0.335,1,0.72737,4.9722,1.243,0.1,4.9722,1.243,0
1,0.59,1,1.667,7.6647,0.20037,1.1086,7.6647,0.20037,1
1,0.04,0.4135,2.1,0.1,0.33045,2.0614,0.1,0.33045,0
0.64,0.23,0.5775,1.6441,3.3504,0.21727,1.9228,3.3504,0.21727,0
1,0.01,1,1.6465,1.9657,1.1864,0.1,1.9657,1.1864,0
1,0.088,0.701,1.0294,3.9182,1.1969,0.34551,3.9182,1.1969,0
0.267,1,1,0.48021,0.1,1.1086,5.6988,0.1,1.1086,0
1,0.152,0.978,1.1531,5.039,1.279,0.1,5.039,1.279,0
1,0.222,1,1.515,7.799,0.96213,0.1,7.799,0.96213,1
0.227,1,0.13,0.18636,3.9351,1.1719,0.1,3.9351,1.1719,0
1,0.113,1,1.2614,7.799,0.1,0.1,7.799,0.1,0
1,0.217,0.221,1.821,7.799,1.0375,0.1,7.799,1.0375,0
1,0.683,1,1.4874,4.0872,0.42838,0.23354,4.0872,0.42838,1
1,0.01,1,1.8686,7.799,0.1,8.1,7.799,0.1,0
1,0.183,1,1.7812,7.799,0.57712,0.1,7.799,0.57712,1
1,0.01,0.9895,2.1,0.67171,0.1,0.1,0.67171,0.1,0
1,0.288,1,1.7325,1.886,0.84429,0.1,1.886,0.84429,1
0.104,0.523,0.5365,2.0978,7.799,0.1,0.1,7.799,0.1,0
0.986,0.022,1,1.2987,7.799,0.1,0.12938,7.799,0.1,0
1,0.01,0.6575,1.7875,7.799,0.1,0.1,7.799,0.1,0
0.966,0.161,1,1.9014,6.1607,1.0248,0.1,6.1607,1.0248,0
1,0.01,1,1.3695,7.799,1.3504,0.55025,7.799,1.3504,0
1,1,0.4385,0.1,7.799,0.16819,0.1,7.799,0.16819,0
1,0.09,1,1.1492,7.799,0.86193,0.1,7.799,0.86193,0
1,0.145,1,1.7712,0.34304,0.70206,0.1,0.34304,0.70206,1
1,0.121,0.914,2.1,0.1,0.70959,0.1,0.1,0.70959,0
1,0.127,1,1.7138,1.4541,0.1,0.1,1.4541,0.1,1
1,0.01,1,1.773,5.6453,0.1,0.1,5.6453,0.1,0
0.971,0.084,1,0.55179,0.1,0.1,0.94696,0.1,0.1,0
0.968,0.01,0.81,2.1,0.42838,0.5216,3.5639,0.42838,0.5216,0
0.067,1,0.05,0.1,2.1607,0.86042,0.1,2.1607,0.86042,0
0.759,0.638,0.5655,0.36007,6.0921,1.4054,7.1969,6.0921,1.4054,0
0.599,0.176,0.274,1.5757,7.799,1.3355,0.1,7.799,1.3355,0
1,0.176,0.938,1.4483,7.799,0.1,0.1,7.799,0.1,0
0.989,0.612,0.855,1.7972,0.1,0.64531,6.075,0.1,0.64531,0
1,0.106,1,1.6289,3.5048,1.348,0.1,3.5048,1.348,1
1,0.195,1,1.9267,0.1,1.0009,2.0217,0.1,1.0009,0
1,0.074,1,0.68092,2.7998,0.1,2.9591,2.7998,0.1,0
1,0.01,0.6995,1.7263,5.649,0.37646,6.0666,5.649,0.37646,0
1,0.089,1,1.4181,1.4284,0.86641,0.14532,1.4284,0.86641,0
1,0.01,1,1.036,1.9621,1.2875,4.7484,1.9621,1.2875,0
0.736,0.423,0.485,1.0047,5.2106,0.10432,0.54404,5.2106,0.10432,0
0.397,0.751,0.4785,0.19691,5.9555,0.88533,3.6647,5.9555,0.88533,0
1,0.069,1,0.98423,0.12531,0.36007,0.1,0.12531,0.36007,0
0.607,0.01,0.9085,0.1,6.6453,0.1,0.1,6.6453,0.1,0
1,0.597,1,0.1,7.799,0.70638,0.1,7.799,0.70638,0
0.984,0.319,0.489,1.59,0.1,0.48382,0.1,0.1,0.48382,0
1,0.171,1,1.7857,0.1,0.18991,0.1,0.1,0.18991,1
0.786,0.577,1,1.3833,7.799,0.8796,0.1,7.799,0.8796,0
1,0.035,0.9625,1.9814,0.1,0.93759,0.1,0.1,0.93759,0
1,0.877,0.9585,0.1,0.1,0.4032,0.1,0.1,0.4032,0
1,0.01,0.746,0.6977,1.6658,1.1453,2.8143,1.6658,1.1453,0
1,1,1,0.36951,0.1,1.2004,6.0143,0.1,1.2004,0
1,0.035,1,2.1,7.799,0.85815,0.13743,7.799,0.85815,0
1,0.759,0.2345,1.2703,6.343,1.2072,0.1,6.343,1.2072,0
1,0.957,1,2.1,7.799,0.88604,0.1,7.799,0.88604,1
0.488,0.01,0.502,0.1,7.799,0.1,0.15308,7.799,0.1,0
0.996,0.208,1,1.6211,4.8846,0.43445,0.1,4.8846,0.43445,1
1,0.07,1,1.4892,2.8388,0.1,0.1,2.8388,0.1,0
1,0.409,1,2.1,7.799,0.1,0.1,7.799,0.1,1
1,0.141,1,2.0222,6.1492,0.22385,0.1,6.1492,0.22385,1
0.938,0.715,0.8005,1.2523,5.8582,1.0232,7.5183,5.8582,1.0232,0
1,0.545,0.845,1.5728,7.799,0.80243,0.1,7.799,0.80243,1
1,0.01,1,0.25229,3.2761,0.48021,5.0186,3.2761,0.48021,0
0.622,0.4,0.1335,1.544,2.7665,0.89169,2.7053,2.7665,0.89169,0
0.084,0.01,0.2595,1.8832,7.799,0.11703,0.1086,7.799,0.11703,0
0.639,1,0.957,0.18279,6.2461,0.1,0.1,6.2461,0.1,0
1,1,0.9885,1.95,7.799,0.96747,0.1,7.799,0.96747,1
0.81,0.769,0.8965,0.34055,6.9176,0.70423,1.996,6.9176,0.70423,0
1,1,1,0.1,4.7739,0.1,6.1792,4.7739,0.1,0
1,1,0.512,1.3967,7.799,0.1,7.8917,7.799,0.1,0
1,0.22,1,2.1,3.6403,0.1,0.1,3.6403,0.1,1
1,0.246,1,1.2038,7.7767,1.0763,0.36007,7.7767,1.0763,1
1,0.01,1,1.0345,7.799,0.1,0.1,7.799,0.1,0
1,0.152,0.9705,1.348,5.5048,0.42428,1.9156,5.5048,0.42428,0
1,0.512,1,1.1645,5.716,1.1043,0.1,5.716,1.1043,1
1,0.143,1,1.83,7.1128,0.1,0.22057,7.1128,0.1,1
1,0.56,1,1.8952,7.799,1.0036,0.1,7.799,1.0036,1
0.036,0.521,0.1075,0.6563,1.716,1.1374,0.84194,1.716,1.1374,0
1,0.061,0.326,1.4424,2.6391,0.27319,0.10432,2.6391,0.27319,0
1,0.054,1,1.4263,6.9451,1.1086,2.043,6.9451,1.1086,0
0.171,0.228,0.2835,0.67519,3.0015,1.0809,3.0996,3.0015,1.0809,0
0.735,0.039,1,0.15308,7.799,0.62504,0.1,7.799,0.62504,0
0.53,0.455,0.6585,1.0832,2.52,0.33045,6.2523,2.52,0.33045,0
0.942,0.498,1,0.7149,6.3878,0.7464,0.57567,6.3878,0.7464,0
1,0.173,0.808,0.99042,0.1,0.23354,3.1969,0.1,0.23354,0
1,0.145,1,2.002,1.3095,1.3923,0.1,1.3095,1.3923,1
0.209,0.627,0.6035,1.0069,6.9842,0.56538,7.2106,6.9842,0.56538,0
0.397,0.804,0.3355,1.3201,4.0899,0.89934,1.8226,4.0899,0.89934,0
1,0.121,1,2.1,7.799,0.12531,0.1,7.799,0.12531,1
1,0.077,0.603,1.2732,0.40103,0.86268,0.1,0.40103,0.86268,0
0.877,0.385,0.1885,0.67634,6.8404,0.23354,0.3014,6.8404,0.23354,0
1,0.01,0.999,1.5683,0.1,0.1,0.41387,0.1,0.1,0
1,0.474,1,1.9363,7.799,1.0868,0.12531,7.799,1.0868,1
1,0.501,0.5545,2.1,7.6551,1.1531,3.1453,7.6551,1.1531,0
1,0.308,1,0.14139,7.2335,1.1253,0.1,7.2335,1.1253,0
1,0.01,1,1.6119,7.799,0.70746,0.1,7.799,0.70746,0
1,0.01,1,1.7284,3.5654,0.88319,0.1,3.5654,0.88319,0
0.995,0.205,1,1.9209,7.5472,1.243,0.1,7.5472,1.243,1
1,0.094,1,1.338,4.2761,0.23033,0.1,4.2761,0.23033,0
0.175,0.186,0.732,1.5082,7.6065,0.81181,6.1607,7.6065,0.81181,0
1,0.6,1,1.52,7.799,0.10432,0.1,7.799,0.10432,1
1,0.096,1,2.1,0.1,0.87085,0.1,0.1,0.87085,1
0.209,0.875,0.738,1.4579,7.0036,0.38556,1.0355,7.0036,0.38556,0
1,0.65,1,2.0191,0.1,0.23988,4.2761,0.1,0.23988,0
1,0.251,1,1.4617,6.759,0.5014,0.1,6.759,0.5014,1
1,0.623,0.952,1.5265,1.9274,0.1,0.1,1.9274,0.1,1
1,0.899,1,1.0154,0.17918,1.381,0.1,0.17918,1.381,1
1,0.03,1,1.6366,2.9573,1.1414,0.1,2.9573,1.1414,0
1,0.048,0.05,1.1294,7.799,0.1,1.3405,7.799,0.1,0
0.172,0.608,0.6945,2.1,7.2038,0.1,1.5771,7.2038,0.1,0
0.917,0.343,0.911,2.0455,1.8551,0.79108,0.1,1.8551,0.79108,0
1,0.213,0.821,2.032,7.799,0.1,0.1,7.799,0.1,0
1,0.304,0.9325,2.1,2.0899,0.72014,1.0671,2.0899,0.72014,1
1,0.752,1,1.6065,0.1,0.1,0.1,0.1,0.1,1
1,0.637,1,1.7435,5.2106,0.62504,0.1,5.2106,0.62504,1
1,0.488,1,1.0509,5.0628,0.63782,4.8292,5.0628,0.63782,0
0.976,0.252,0.7755,1.0375,1.7785,0.22057,0.1,1.7785,0.22057,0
1,0.059,0.9785,1.6119,7.799,0.1,0.1,7.799,0.1,0
0.193,0.72,0.704,0.88462,1.2614,1.1719,5.6079,1.2614,1.1719,0
0.488,0.195,0.456,0.717,3.1414,0.35527,1.1569,3.1414,0.35527,0
0.096,0.992,0.4945,0.62763,0.1,0.1,0.1,0.1,0.1,0
1,0.01,1,2.1,4.1453,0.84194,0.18636,4.1453,0.84194,0
1,0.222,0.058,2.1,6.9202,0.1,8.1,6.9202,0.1,0
1,1,0.793,0.1,0.1,1.1212,7.0165,0.1,1.1212,0
0.894,0.142,1,2.0528,7.799,0.44635,0.18636,7.799,0.44635,0
1,0.201,1,2.0863,6.4617,0.26732,0.1,6.4617,0.26732,1
0.755,0.025,0.192,1.1253,0.1,0.2038,0.28752,0.1,0.2038,0
1,0.261,0.997,2.0881,4.2553,0.63529,0.1,4.2553,0.63529,1
0.225,0.01,1,0.19342,7.799,0.23988,8.1,7.799,0.23988,0
0.949,0.37,0.05,2.1,0.1,0.36245,0.1,0.1,0.36245,0
1,0.28,1,1.7042,7.799,0.1,0.1,7.799,0.1,1
1,0.01,1,1.4324,1.4075,0.1,0.1,1.4075,0.1,0
1,0.323,1,0.88817,7.0154,0.59136,0.1,7.0154,0.59136,0
0.996,0.042,1,2.1,2.1607,0.63529,0.1,2.1607,0.63529,0
0.287,0.161,0.072,0.95552,6.2072,1.0926,0.13743,6.2072,1.0926,0
1,0.077,1,2.0523,0.1,0.25229,0.1086,0.1,0.25229,0
0.367,0.056,0.411,1.6786,7.7785,0.1,0.80927,7.7785,0.1,0
1,0.256,1,1.2875,2.2703,0.5609,0.1,2.2703,0.5609,1
0.98,0.193,1,1.6159,3.5487,0.1,0.1,3.5487,0.1,0
0.809,1,0.334,2.1,7.799,0.6092,4.3601,7.799,0.6092,0
1,0.046,1,1.0921,4.3279,0.86492,0.1,4.3279,0.86492,0
1,0.203,1,0.9893,6.7821,0.65023,0.1,6.7821,0.65023,0
1,0.24,1,1.7599,5.9921,0.50824,0.1,5.9921,0.50824,1
1,0.169,1,2.0786,5.6999,0.90414,0.1,5.6999,0.90414,1
1,0.045,1,0.99708,4.8559,1.0773,0.1,4.8559,1.0773,0
0.861,1,0.9405,2.1,4.2106,0.1,3.4032,4.2106,0.1,0
1,0.022,0.489,0.70959,7.799,0.4075,0.1,7.799,0.4075,0
0.78,1,0.05,0.1,3.2038,0.1,0.1,3.2038,0.1,0
0.939,0.733,0.968,2.1,5.7522,0.45218,7.3455,5.7522,0.45218,0
1,1,1,2.1,7.799,0.43646,4.2335,7.799,0.43646,0
1,0.322,0.5825,0.94261,0.77578,0.1,5.6011,0.77578,0.1,0
1,0.027,1,1.1212,7.799,0.52975,0.1,7.799,0.52975,0
0.289,0.493,0.4695,0.97737,1.3304,0.63656,4.0523,1.3304,0.63656,0
0.048,0.592,0.521,0.17918,2.5065,0.77943,6.59,2.5065,0.77943,0
0.638,0.927,0.086,2.0703,6.7893,1.0227,4.2239,6.7893,1.0227,0
1,0.047,1,1.4404,7.6051,1.4483,0.1,7.6051,1.4483,0
1,0.05,1,2.1,7.3175,1.2303,0.80757,7.3175,1.2303,0
0.66,0.011,1,1.5886,6.8924,0.1,0.65145,6.8924,0.1,0
1,0.303,1,1.7542,3.4118,0.69218,0.1,3.4118,0.69218,1
0.944,0.998,0.087,1.6944,7.3175,0.50654,0.1,7.3175,0.50654,0
1,0.283,0.838,2.1,6.1212,0.1,8.1,6.1212,0.1,0
1,0.01,1,1.4636,3.0217,0.87085,0.1,3.0217,0.87085,0
1,0.464,1,0.83719,3.3122,1.3304,0.1,3.3122,1.3304,0
0.998,0.017,1,2.0133,7.799,0.78931,0.23033,7.799,0.78931,0
1,0.01,1,2.1,2.4655,0.85205,0.1,2.4655,0.85205,0
0.849,0.268,0.9635,2.1,6.7955,1.1864,3.4541,6.7955,1.1864,0
1,0.11,1,2.1,5.4692,0.48917,0.19691,5.4692,0.48917,1
1,0.324,1,1.6453,6.4054,0.1,0.1,6.4054,0.1,1
1,0.738,1,1.456,4.2761,0.83719,0.1,4.2761,0.83719,1
1,0.223,1,1.5624,0.1,1.2553,0.1,0.1,1.2553,1
1,0.374,0.4395,0.1,0.56389,0.79897,1.6276,0.56389,0.79897,0
0.993,0.01,1,1.6551,3.2139,0.1,0.1,3.2139,0.1,0
1,0.01,1,1.4729,7.799,0.9488,0.25534,7.799,0.9488,0
0.202,0.039,0.477,0.7902,1.3601,1.0605,2.1645,1.3601,1.0605,0
0.542,0.6,0.99,1.1253,7.799,0.66703,0.27898,7.799,0.66703,0
1,0.037,0.7085,1.5487,6.8372,0.1,1.1453,6.8372,0.1,0
1,0.158,1,1.7785,5.6079,0.53136,0.1,5.6079,0.53136,1
1,0.797,1,1.4784,3.6366,0.77761,0.1,3.6366,0.77761,1
1,0.304,1,1.2492,2.2703,0.36007,0.1,2.2703,0.36007,1
1,0.133,1,1.2553,1.6933,0.78395,0.1,1.6933,0.78395,0
1,0.102,1,1.4927,3.5742,1.2335,0.1,3.5742,1.2335,1
0.494,0.327,0.257,2.1,7.7212,0.51497,0.1,7.7212,0.51497,0
1,0.134,1,1.5683,3.9169,0.2038,0.20721,3.9169,0.2038,1
1,0.769,0.8765,2.0154,3.9426,1.0671,2.701,3.9426,1.0671,0
1,0.01,1,1.8364,7.799,0.1,0.1,7.799,0.1,0
1,0.01,0.4745,1.0315,7.7785,0.4032,2.4997,7.7785,0.4032,0
1,0.296,1,0.89796,6.5298,0.31748,0.60106,6.5298,0.31748,0
0.343,0.333,0.587,2.1,0.1,0.86418,0.92478,0.1,0.86418,0
1,0.292,1,0.98705,1.3878,0.4784,0.30412,1.3878,0.4784,0
1,0.102,1,1.2732,3.1792,0.84273,0.10432,3.1792,0.84273,0
1,0.25,1,2.1,0.33045,0.5843,0.1,0.33045,0.5843,1
0.403,0.187,0.7755,1.6011,0.1,0.1,3.5728,0.1,0.1,0
1,0.333,1,2.1,0.3878,0.68771,0.1,0.3878,0.68771,1
1,0.048,0.107,0.78842,7.799,0.12531,0.11284,7.799,0.12531,0
0.806,0.158,0.782,1.9927,4.1682,0.74542,0.14139,4.1682,0.74542,0
0.065,0.108,1,1.2271,6.0782,0.1,5.8903,6.0782,0.1,0
1,0.01,0.999,1.0926,6.0552,1.2038,0.1,6.0552,1.2038,0
1,0.01,1,1.9215,2.9156,1.2461,0.1,2.9156,1.2461,0
0.975,0.585,0.582,1.8789,7.5378,0.1,1.6786,7.5378,0.1,0
1,0.264,0.43,2.1,7.799,0.97157,0.1,7.799,0.97157,0
1,0.159,1,1.2614,6.2335,0.84741,0.1,6.2335,0.84741,0
0.411,0.455,0.986,2.1,6.5928,1.0952,0.1,6.5928,1.0952,0
1,0.291,0.5985,0.57129,6.3945,0.1,0.94136,6.3945,0.1,0
1,0.065,1,2.1,7.799,1.1086,0.1,7.799,1.1086,0
1,0.138,1,1.4464,2.1453,0.6977,0.1,2.1453,0.6977,1
1,0.198,1,2.1,5.1531,1.1719,0.1,5.1531,1.1719,1
0.571,0.01,1,2.1,7.799,0.25534,0.14532,7.799,0.25534,0
1,0.572,1,0.1,7.799,0.6966,0.45793,7.799,0.6966,0
1,0.259,1,0.84507,6.6888,0.1,0.1,6.6888,0.1,0
0.766,0.729,0.3035,1.5249,3.6955,0.78124,0.1,3.6955,0.78124,0
1,0.376,1,0.95126,6.4502,0.32272,0.1,6.4502,0.32272,0
0.973,0.121,1,1.5065,1.4874,1.3648,0.66585,1.4874,1.3648,0
1,0.01,1,2.0614,7.799,0.12119,0.64158,7.799,0.12119,0
1,0.206,1,2.1,1.1934,1.1043,0.1,1.1934,1.1043,1
0.623,0.206,0.5125,1.5814,3.5829,0.74147,4.7064,3.5829,0.74147,0
1,0.969,1,0.1,0.92802,0.1,0.1,0.92802,0.1,1
0.863,0.134,1,1.0609,6.6119,1.0489,0.1,6.6119,1.0489,0
1,0.339,1,0.67287,7.3014,1.3122,0.10432,7.3014,1.3122,0
1,0.01,1,2.1,3.4032,0.23354,0.1,3.4032,0.23354,0
1,0.098,1,1.1294,7.799,1.3833,0.1,7.799,1.3833,0
1,0.175,1,1.8024,0.43244,0.4927,0.1,0.43244,0.4927,1
1,0.055,1,1.0149,7.799,0.67634,0.1,7.799,0.67634,0
0.674,0.258,0.7845,1.3095,4.0754,0.95733,2.0805,4.0754,0.95733,0
0.566,0.138,0.419,1.83,6.3014,0.45793,6.0763,6.3014,0.45793,0
1,0.899,0.9995,1.8574,3.0523,1.333,0.1086,3.0523,1.333,1
1,0.297,1,1.338,7.5742,1.1374,0.1,7.5742,1.1374,1
1,0.144,1,1.4201,7.799,1.1934,0.1,7.799,1.1934,1
1,0.289,0.921,1.5378,7.799,0.1,1.0465,7.799,0.1,0
1,0.244,1,1.3201,0.11284,1.1899,0.1,0.11284,1.1899,1
0.876,0.01,1,1.8649,7.799,0.1,0.42428,7.799,0.1,0
0.548,0.01,1,2.1,2.1453,0.72014,0.1,2.1453,0.72014,0
0.775,0.526,0.6485,1.3718,7.6551,1.3989,2.2761,7.6551,1.3989,0
0.636,0.01,1,1.9585,6.7191,0.75225,0.1,6.7191,0.75225,0
1,0.851,1,0.1,0.4927,0.59831,0.13342,0.4927,0.59831,0
1,0.803,1,2.0232,0.1,0.97099,0.94323,0.1,0.97099,1
1,0.655,1,0.22385,7.4927,0.1,0.1,7.4927,0.1,0
0.882,0.311,0.5065,2.1,0.48021,0.45793,1.9543,0.48021,0.45793,0
1,0.204,0.957,2.1,4.6038,0.5609,0.1,4.6038,0.5609,1
1,0.99,0.772,0.74933,1.2584,0.1,1.759,1.2584,0.1,0
1,0.993,0.858,0.78753,1.2673,0.1,1.456,1.2673,0.1,0
1,0.983,0.89,0.80927,1.333,0.1,1.4424,1.333,0.1,1
1,0.986,0.89,0.80672,1.3355,0.1,1.456,1.3355,0.1,1
1,0.983,0.888,0.80757,1.3355,0.1,1.4483,1.3355,0.1,1
1,0.989,0.872,0.80243,1.3355,0.1,1.4838,1.3355,0.1,0
1,0.996,0.8685,0.80329,1.3625,0.1,1.4962,1.3625,0.1,0
0.975,0.976,0.6155,0.65871,1.3625,0.1607,1.9176,1.3625,0.1607,0
1,0.989,0.872,0.80329,1.3355,0.1,1.4892,1.3355,0.1,0
0.999,0.999,0.747,0.77394,1.343,0.1,1.8945,1.343,0.1,0
1,0.989,0.8715,0.80243,1.3355,0.1,1.4802,1.3355,0.1,0
1,0.995,0.874,0.79897,1.3405,0.1,1.4979,1.3405,0.1,0
1,0.981,0.8865,0.80672,1.3201,0.1,1.4502,1.3201,0.1,1
1,0.984,0.887,0.80842,1.343,0.1,1.4424,1.343,0.1,1
1,0.983,0.8915,0.80842,1.333,0.1,1.4404,1.333,0.1,1
1,0.983,0.891,0.80842,1.3304,0.1,1.4404,1.3304,0.1,1
1,0.99,0.8725,0.80415,1.338,0.1,1.4909,1.338,0.1,0
0.872,1,0.758,0.72634,1.9228,0.1,2.0175,1.9228,0.1,0
1,1,0.7975,0.78395,1.3304,0.1,1.7721,1.3304,0.1,0
0.956,0.952,0.718,0.75031,1.1645,0.12531,1.8716,1.1645,0.12531,0
1,0.983,0.891,0.81012,1.333,0.1,1.4424,1.333,0.1,1
1,0.983,0.8915,0.80842,1.333,0.1,1.4404,1.333,0.1,1
1,0.983,0.8915,0.80842,1.333,0.1,1.4385,1.333,0.1,1
1,0.983,0.8905,0.80927,1.3355,0.1,1.4444,1.3355,0.1,1
1,0.983,0.8915,0.80842,1.333,0.1,1.4385,1.333,0.1,1
1,1,0.765,0.75321,1.2931,0.1,1.6843,1.2931,0.1,0
1,0.983,0.8915,0.80842,1.333,0.1,1.4385,1.333,0.1,1
1,0.997,0.8645,0.79723,1.3095,0.1,1.4674,1.3095,0.1,0
1,0.983,0.8915,0.80842,1.333,0.1,1.4385,1.333,0.1,1
1,0.987,0.883,0.80842,1.3553,0.1,1.4874,1.3553,0.1,1
1,0.984,0.858,0.78664,1.2903,0.1,1.4522,1.2903,0.1,0
1,0.983,0.8915,0.80842,1.333,0.1,1.4404,1.333,0.1,1
1,0.983,0.8915,0.80842,1.333,0.1,1.4385,1.333,0.1,1
1,0.983,0.8915,0.80842,1.333,0.1,1.4385,1.333,0.1,1
0.992,1,0.8665,0.79197,1.2959,0.1,1.4856,1.2959,0.1,0
1,0.988,0.881,0.80415,1.3625,0.1,1.4747,1.3625,0.1,1
1,0.985,0.8885,0.80586,1.348,0.1,1.4424,1.348,0.1,1
1,0.983,0.8845,0.80586,1.348,0.1,1.4674,1.348,0.1,0
1,0.993,0.855,0.78753,1.2673,0.1,1.456,1.2673,0.1,0
1,0.983,0.8905,0.80927,1.333,0.1,1.4404,1.333,0.1,1
1,0.983,0.8915,0.80842,1.333,0.1,1.4385,1.333,0.1,1
0.288,0.165,0.6735,0.41175,7.5579,1.1607,6.3504,7.5579,1.1607,0
1,0.984,0.8845,0.80586,1.3455,0.1,1.4655,1.3455,0.1,1
0.629,0.381,0.169,0.35042,2.9871,1.3504,5.1,2.9871,1.3504,0
1,0.99,0.8845,0.80927,1.3553,0.1,1.4874,1.3553,0.1,1
1,0.983,0.89,0.80927,1.333,0.1,1.4444,1.333,0.1,1
0.914,1,0.751,0.84115,1.8412,0.12938,2.7561,1.8412,0.12938,0
1,0.997,0.7745,0.76652,1.2072,0.1,1.9692,1.2072,0.1,0
0.915,0.947,0.564,0.6092,1.7096,0.1,2.2553,1.7096,0.1,0
1,0.983,0.8915,0.80842,1.333,0.1,1.4404,1.333,0.1,1
0.943,0.965,0.7355,0.92151,1.8566,0.13743,2.3945,1.8566,0.13743,0
0.913,0.88,0.7775,0.86492,1.8796,0.26435,2.7085,1.8796,0.26435,0
1,0.983,0.8915,0.80842,1.333,0.1,1.4385,1.333,0.1,1
1,0.984,0.8885,0.80927,1.3405,0.1,1.4404,1.3405,0.1,1
1,0.983,0.8915,0.80842,1.333,0.1,1.4404,1.333,0.1,1
1,0.985,0.885,0.80586,1.343,0.1,1.4617,1.343,0.1,1
1,0.988,0.8715,0.80501,1.3355,0.1,1.4909,1.3355,0.1,0
1,0.993,0.855,0.78753,1.2673,0.1,1.456,1.2673,0.1,0
1,0.989,0.8725,0.80243,1.3355,0.1,1.4802,1.3355,0.1,0
0.968,0.95,0.636,0.87597,1.3601,0.25534,2.3304,1.3601,0.25534,0
1,0.983,0.8915,0.80842,1.333,0.1,1.4404,1.333,0.1,1
0.998,0.985,0.8775,0.81433,1.3878,0.1,1.4874,1.3878,0.1,0
1,0.984,0.891,0.80842,1.3304,0.1,1.4424,1.3304,0.1,0
1,0.989,0.876,0.80672,1.3455,0.1,1.4598,1.3455,0.1,1
0.997,0.993,0.855,0.78753,1.2673,0.1,1.456,1.2673,0.1,0
1,0.983,0.8905,0.80927,1.333,0.1,1.4404,1.333,0.1,1
1,0.983,0.8915,0.80842,1.333,0.1,1.4385,1.333,0.1,1
1,0.983,0.8915,0.80842,1.333,0.1,1.4385,1.333,0.1,1
1,0.985,0.8815,0.80842,1.3695,0.1,1.4784,1.3695,0.1,1
0.986,0.991,0.8285,0.81181,1.2761,0.1,1.7464,1.2761,0.1,0
0.989,0.943,0.4995,0.62375,0.88604,0.1,2.8404,0.88604,0.1,0
1,0.983,0.8915,0.80842,1.333,0.1,1.4385,1.333,0.1,1
0.978,1,0.6255,0.64407,1.3788,0.16446,2.0284,1.3788,0.16446,0
1,0.983,0.8915,0.80842,1.333,0.1,1.4385,1.333,0.1,1
0.999,0.981,0.869,0.80415,1.343,0.1,1.5014,1.343,0.1,0
1,0.983,0.8915,0.80842,1.333,0.1,1.4385,1.333,0.1,1
1,0.983,0.8915,0.80842,1.333,0.1,1.4404,1.333,0.1,1
1,0.983,0.891,0.80927,1.3355,0.1,1.4424,1.3355,0.1,1
1,0.993,0.855,0.78753,1.2903,0.1,1.456,1.2903,0.1,0
1,0.983,0.8915,0.80842,1.333,0.1,1.4385,1.333,0.1,1
1,0.982,0.8905,0.80927,1.3355,0.1,1.4444,1.3355,0.1,1
1,1,0.763,0.74444,1.2847,0.1,1.6682,1.2847,0.1,0
1,0.987,0.887,0.80415,1.3304,0.1,1.4522,1.3304,0.1,1
1,0.983,0.8895,0.80927,1.333,0.1,1.4424,1.333,0.1,0
1,0.983,0.8915,0.80842,1.333,0.1,1.4385,1.333,0.1,1
0.781,1,0.363,0.71909,1.0768,0.1086,3.1645,1.0768,0.1086,0
1,0.987,0.886,0.80501,1.338,0.1,1.4541,1.338,0.1,1
1,0.985,0.885,0.80501,1.343,0.1,1.4617,1.343,0.1,1
0.967,0.696,0.089,0.6832,0.1,0.23354,2.8664,0.1,0.23354,0
1,1,0.8675,0.80672,1.3304,0.1,1.5065,1.3304,0.1,0
1,0.986,0.889,0.80329,1.3405,0.1,1.4522,1.3405,0.1,1
1,0.986,0.886,0.80501,1.338,0.1,1.4541,1.338,0.1,1
0.99,0.999,0.862,0.79108,1.3253,0.10432,1.4766,1.3253,0.10432,0
1,0.983,0.8915,0.80842,1.333,0.1,1.4404,1.333,0.1,1
1,1,0.7665,0.75418,1.2818,0.1,1.6798,1.2818,0.1,0
1,0.983,0.8915,0.80842,1.333,0.1,1.4385,1.333,0.1,1
1,0.983,0.8905,0.80927,1.3355,0.1,1.4404,1.3355,0.1,1
1,0.983,0.8915,0.80842,1.333,0.1,1.4404,1.333,0.1,1
1,0.985,0.888,0.80757,1.343,0.1,1.4464,1.343,0.1,1
0.857,0.94,0.689,0.76652,2.4404,0.31484,2.5346,2.4404,0.31484,0
1,0.983,0.8915,0.80842,1.333,0.1,1.4404,1.333,0.1,1
1,1,0.763,0.74933,1.2931,0.1,1.6775,1.2931,0.1,0
1,0.983,0.89,0.80927,1.333,0.1,1.4404,1.333,0.1,1
1,0.983,0.8915,0.80842,1.333,0.1,1.4385,1.333,0.1,1
1,0.983,0.8915,0.80842,1.333,0.1,1.4404,1.333,0.1,1
0.999,1,0.8715,0.80672,1.3014,0.1,1.4636,1.3014,0.1,0
1,0.983,0.8915,0.80842,1.333,0.1,1.4385,1.333,0.1,1
1,0.983,0.8915,0.80842,1.333,0.1,1.4385,1.333,0.1,1
1,0.988,0.821,0.80501,1.2492,0.1,1.544,1.2492,0.1,0
0.381,0.629,0.8815,0.84974,1.0624,0.84974,7.1,1.0624,0.84974,0
1,0.983,0.8915,0.80842,1.333,0.1,1.4385,1.333,0.1,1
1,0.982,0.8825,0.80157,1.343,0.1,1.533,1.343,0.1,0
0.66,0.041,0.792,1.6623,2.7464,0.91224,5.3504,2.7464,0.91224,0
0.936,0.956,0.2805,0.8356,0.60786,0.1,3.2584,0.60786,0.1,0
0.793,0.834,0.405,0.77943,1.0609,0.1,2.5713,1.0609,0.1,0
1,0.983,0.8915,0.80842,1.333,0.1,1.4385,1.333,0.1,1
1,0.983,0.8915,0.80927,1.333,0.1,1.4424,1.333,0.1,1
1,0.996,0.8515,0.78485,1.2461,0.1,1.4636,1.2461,0.1,0
1,0.99,0.855,0.78753,1.2673,0.1,1.456,1.2673,0.1,0
1,0.984,0.8905,0.80927,1.333,0.1,1.4424,1.333,0.1,1
1,0.842,0.645,0.4927,1.9651,0.1,2.7201,1.9651,0.1,0
1,0.996,0.852,0.78574,1.243,0.1,1.4729,1.243,0.1,0
1,0.983,0.8915,0.80842,1.333,0.1,1.4385,1.333,0.1,1
1,0.983,0.8915,0.80842,1.333,0.1,1.4385,1.333,0.1,1
1,0.988,0.888,0.80501,1.3405,0.1,1.4541,1.3405,0.1,1
1,0.986,0.886,0.80501,1.338,0.1,1.4541,1.338,0.1,1
1,0.989,0.87,0.80243,1.3355,0.1,1.4802,1.3355,0.1,0
1,0.988,0.8725,0.80157,1.333,0.1,1.4927,1.333,0.1,0
1,0.983,0.8915,0.80842,1.333,0.1,1.4385,1.333,0.1,1
1,0.985,0.8895,0.80842,1.3455,0.1,1.4464,1.3455,0.1,1
1,0.983,0.8915,0.80842,1.333,0.1,1.4385,1.333,0.1,1
1,0.983,0.8915,0.80842,1.333,0.1,1.4385,1.333,0.1,1
0.857,0.523,0.3755,0.1,0.1,0.13743,4.6877,0.1,0.13743,0
1,0.983,0.8915,0.80842,1.333,0.1,1.4385,1.333,0.1,1
1,0.983,0.8915,0.80842,1.333,0.1,1.4385,1.333,0.1,1
1,0.999,0.838,0.82673,1.2931,0.11703,1.7628,1.2931,0.11703,0
1,0.99,0.815,0.78753,1.1682,0.13342,1.6391,1.1682,0.13342,0
1,0.995,0.8505,0.78931,1.2303,0.1,1.482,1.2303,0.1,0
1,1,0.7725,0.75418,1.2818,0.1,1.6798,1.2818,0.1,0
0.924,0.706,0.222,0.1,1.3923,0.39003,5.6866,1.3923,0.39003,0
1,0.995,0.8615,0.7902,1.2818,0.1,1.4979,1.2818,0.1,0
1,0.984,0.8915,0.80927,1.333,0.1,1.4424,1.333,0.1,1
0.691,0.814,0.9405,0.22385,7.3175,1.2239,4.5997,7.3175,1.2239,0
1,0.996,0.86,0.79108,1.2903,0.1,1.4892,1.2903,0.1,0
1,0.983,0.8915,0.80842,1.333,0.1,1.4385,1.333,0.1,1
1,0.983,0.8915,0.80842,1.333,0.1,1.4385,1.333,0.1,1
1,0.983,0.8915,0.80842,1.333,0.1,1.4385,1.333,0.1,1
1,0.983,0.8915,0.80842,1.333,0.1,1.4385,1.333,0.1,1
0.505,0.505,0.525,1.1,3.9494,1.1,4.1,3.9494,1.1,0
0.79,0.964,0.2205,0.23672,0.1,0.1,6.3227,0.1,0.1,0
1,0.986,0.8855,0.80501,1.338,0.1,1.4541,1.338,0.1,1
1,0.981,0.889,0.80415,1.338,0.1,1.4522,1.338,0.1,1
1,0.983,0.8755,0.81012,1.3856,0.1,1.5166,1.3856,0.1,0
1,0.983,0.8915,0.80842,1.333,0.1,1.4385,1.333,0.1,1
1,0.983,0.8915,0.80842,1.333,0.1,1.4404,1.333,0.1,1
1,0.983,0.8915,0.80842,1.333,0.1,1.4385,1.333,0.1,1
1,0.983,0.8915,0.80842,1.333,0.1,1.4385,1.333,0.1,1
1,0.983,0.8915,0.80842,1.333,0.1,1.4385,1.333,0.1,1
0.971,0.943,0.6835,0.74933,1.5955,0.12119,2.037,1.5955,0.12119,0
1,0.983,0.8915,0.80842,1.333,0.1,1.4385,1.333,0.1,1
1,0.993,0.8525,0.78753,1.2673,0.1,1.456,1.2673,0.1,0
0.998,0.996,0.761,0.75321,1.2959,0.1,1.6966,1.2959,0.1,0
1,0.983,0.8915,0.80842,1.333,0.1,1.4385,1.333,0.1,1
1,0.983,0.8915,0.80842,1.333,0.1,1.4404,1.333,0.1,1
1,0.976,0.8035,0.7637,1.3253,0.1,1.7405,1.3253,0.1,0
0.73,1,0.05,0.72839,2.9932,0.1,5.5232,2.9932,0.1,0
1,0.983,0.8915,0.80842,1.333,0.1,1.4385,1.333,0.1,1
0.258,0.258,0.2875,1.5997,5.8745,0.59969,6.1,5.8745,0.59969,0
1,0.983,0.8915,0.80842,1.333,0.1,1.4385,1.333,0.1,1
0.412,0.783,0.0795,1.1607,0.82181,1.4118,7.3504,0.82181,1.4118,0
1,0.986,0.886,0.80501,1.338,0.1,1.4541,1.338,0.1,1
1,0.983,0.8915,0.80842,1.333,0.1,1.4385,1.333,0.1,1
0.994,0.996,0.7645,0.76181,1.3253,0.1,1.7085,1.3253,0.1,0
1,0.993,0.871,0.79897,1.338,0.1,1.4945,1.338,0.1,0
1,0.984,0.885,0.80586,1.343,0.1,1.4598,1.343,0.1,1
1,1,0.762,0.73649,1.2644,0.1,1.6478,1.2644,0.1,0
1,0.983,0.891,0.80927,1.333,0.1,1.4444,1.333,0.1,1
1,0.986,0.886,0.80501,1.338,0.1,1.4541,1.338,0.1,1
0.919,1,0.6905,0.75031,1.4483,0.14532,1.9954,1.4483,0.14532,0
1,0.985,0.885,0.80586,1.343,0.1,1.4617,1.343,0.1,1
1,0.989,0.8715,0.80243,1.3355,0.1,1.4802,1.3355,0.1,0
1,0.983,0.8915,0.80842,1.333,0.1,1.4385,1.333,0.1,1
1,0.984,0.891,0.80842,1.3304,0.1,1.4424,1.3304,0.1,0
1,0.983,0.89,0.80927,1.333,0.1,1.4404,1.333,0.1,1
1,0.983,0.89,0.80927,1.333,0.1,1.4424,1.333,0.1,1
1,0.986,0.886,0.80501,1.338,0.1,1.4541,1.338,0.1,1
0.319,0.938,0.5845,1.9751,2.5065,0.97506,7.5997,2.5065,0.97506,0
0.999,0.992,0.8725,0.80157,1.3529,0.1,1.4802,1.3529,0.1,0
1,0.983,0.89,0.80927,1.333,0.1,1.4424,1.333,0.1,1
1,0.989,0.872,0.80329,1.333,0.1,1.4874,1.333,0.1,0
1,0.983,0.8915,0.80842,1.333,0.1,1.4385,1.333,0.1,1
1,0.985,0.8855,0.80501,1.3455,0.1,1.4636,1.3455,0.1,1
1,0.983,0.8915,0.80842,1.333,0.1,1.4385,1.333,0.1,1
1,0.983,0.8915,0.80842,1.333,0.1,1.4404,1.333,0.1,1
1,0.983,0.8915,0.80842,1.333,0.1,1.4404,1.333,0.1,1
1,0.996,0.852,0.78664,1.2399,0.1,1.4802,1.2399,0.1,0
1,0.989,0.873,0.80243,1.3355,0.1,1.4802,1.3355,0.1,0
1,0.983,0.8915,0.80842,1.333,0.1,1.4385,1.333,0.1,1
1,0.983,0.8915,0.80842,1.333,0.1,1.4385,1.333,0.1,1
1,0.983,0.7835,0.75514,1.2335,0.1,1.6977,1.2335,0.1,0
1,0.993,0.865,0.80243,1.3455,0.1,1.5183,1.3455,0.1,0
1,0.996,0.855,0.78753,1.2673,0.1,1.456,1.2673,0.1,0
1,0.983,0.8915,0.80842,1.333,0.1,1.4404,1.333,0.1,1
1,0.981,0.8875,0.80842,1.3355,0.1,1.4483,1.3355,0.1,1
0.783,0.66,0.1985,1.4118,3.7085,0.1607,2.3504,3.7085,0.1607,0
1,0.983,0.8905,0.80927,1.333,0.1,1.4404,1.333,0.1,1
1,0.983,0.8915,0.80842,1.333,0.1,1.4385,1.333,0.1,1
1,0.983,0.8915,0.80842,1.333,0.1,1.4385,1.333,0.1,1
1,0.992,0.74,0.77486,1.1828,0.1,1.8709,1.1828,0.1,0
1,0.983,0.89,0.81012,1.333,0.1,1.4424,1.333,0.1,1
0.999,0.983,0.891,0.81012,1.333,0.1,1.4444,1.333,0.1,1
1,1,0.087,0.18636,0.21727,0.1,5.9235,0.21727,0.1,0
1,0.983,0.8915,0.80842,1.333,0.1,1.4385,1.333,0.1,1
1,0.983,0.891,0.80842,1.333,0.1,1.4404,1.333,0.1,1
1,0.983,0.8915,0.80842,1.333,0.1,1.4385,1.333,0.1,1
1,0.992,0.882,0.80672,1.3601,0.1,1.4766,1.3601,0.1,1
1,0.997,0.7665,0.75418,1.2818,0.1,1.6798,1.2818,0.1,0
1,0.978,0.82,0.78395,1.2523,0.1,1.6599,1.2523,0.1,0
0.991,0.986,0.85,0.78305,1.3014,0.10432,1.4674,1.3014,0.10432,0
1,0.991,0.8685,0.80243,1.3625,0.1,1.4711,1.3625,0.1,0
1,1,0.7665,0.75418,1.2818,0.1,1.6798,1.2818,0.1,0
0.722,0.722,0.139,2.0375,6.1128,0.78753,4.8497,6.1128,0.78753,0
0.907,0.288,0.5545,0.1607,4.6717,0.41175,3.3504,4.6717,0.41175,0
1,0.995,0.8755,0.81181,1.381,0.1,1.4962,1.381,0.1,1
1,0.983,0.8915,0.80842,1.333,0.1,1.4385,1.333,0.1,1
1,0.983,0.8915,0.80842,1.333,0.1,1.4404,1.333,0.1,1
0.699,0.849,0.5035,0.57857,1.1864,0.18991,3.544,1.1864,0.18991,0
1,0.983,0.8915,0.80842,1.333,0.1,1.4385,1.333,0.1,1
1,0.983,0.8915,0.80842,1.333,0.1,1.4385,1.333,0.1,1
0.845,0.103,0.9705,1.2875,7.0773,0.53775,3.8497,7.0773,0.53775,0
1,0.984,0.887,0.80672,1.338,0.1,1.456,1.338,0.1,1
1,0.984,0.885,0.80586,1.3455,0.1,1.4636,1.3455,0.1,1
1,0.989,0.8715,0.80243,1.348,0.1,1.4802,1.348,0.1,0
1,0.983,0.8915,0.80842,1.333,0.1,1.4385,1.333,0.1,1
1,1,0.7645,0.75321,1.2987,0.1,1.6855,1.2987,0.1,0
1,0.986,0.8715,0.80501,1.3122,0.1,1.4945,1.3122,0.1,0
1,0.989,0.871,0.80243,1.3355,0.1,1.4802,1.3355,0.1,0
1,0.983,0.8915,0.80842,1.333,0.1,1.4385,1.333,0.1,1
1,0.984,0.889,0.80842,1.3455,0.1,1.4444,1.3455,0.1,1
0.134,0.876,0.644,1.3504,6.8364,0.35042,1.1,6.8364,0.35042,0
0.474,0.474,0.8515,1.5378,4.1899,1.2875,6.8497,4.1899,1.2875,0
0.999,1,0.761,0.74933,1.3122,0.1,1.6899,1.3122,0.1,0
1,0.984,0.89,0.80927,1.333,0.1,1.4385,1.333,0.1,1
1,0.983,0.89,0.80927,1.333,0.1,1.4424,1.333,0.1,1
1,0.994,0.8535,0.78753,1.2523,0.1,1.4674,1.2523,0.1,0
1,0.983,0.8915,0.80842,1.333,0.1,1.4385,1.333,0.1,1
1,0.983,0.8915,0.80842,1.333,0.1,1.4404,1.333,0.1,1
0.889,0.923,0.6795,0.89379,2.1828,0.1,2.1294,2.1828,0.1,0
0.994,1,0.7665,0.75418,1.2818,0.1,1.6798,1.2818,0.1,0
1,0.99,0.8715,0.80243,1.3355,0.1,1.4802,1.3355,0.1,0
1,1,0.761,0.75418,1.2818,0.1,1.6798,1.2818,0.1,0
0.96,0.937,0.7825,0.6955,1.1899,0.1,1.8709,1.1899,0.1,0
1,0.987,0.8525,0.79461,1.2847,0.1,1.4636,1.2847,0.1,0
1,0.983,0.8915,0.80842,1.333,0.1,1.4385,1.333,0.1,1
1,0.983,0.8915,0.80842,1.333,0.1,1.4424,1.333,0.1,1
1,0.983,0.88,0.80586,1.3601,0.1,1.4766,1.3601,0.1,1
1,1,0.7635,0.75321,1.3041,0.1,1.6877,1.3041,0.1,0
1,0.983,0.891,0.80927,1.333,0.1,1.4424,1.333,0.1,1
1,0.983,0.8915,0.80842,1.333,0.1,1.4385,1.333,0.1,1
1,0.983,0.8915,0.80842,1.333,0.1,1.4385,1.333,0.1,1
0.969,0.969,0.3765,0.53775,0.34055,0.28752,2.8497,0.34055,0.28752,0
1,0.988,0.8865,0.80501,1.333,0.1,1.4522,1.333,0.1,1
1,0.993,0.855,0.78753,1.2673,0.1,1.456,1.2673,0.1,0
0.999,0.983,0.8905,0.80927,1.3355,0.1,1.4385,1.3355,0.1,1
1,0.983,0.8915,0.80842,1.333,0.1,1.4385,1.333,0.1,1
1,0.983,0.8915,0.80842,1.333,0.1,1.4404,1.333,0.1,1
1,0.989,0.8715,0.80243,1.3355,0.1,1.4802,1.3355,0.1,0
1,0.986,0.886,0.80501,1.338,0.1,1.4541,1.338,0.1,1
1,0.983,0.8915,0.80842,1.333,0.1,1.4385,1.333,0.1,1
1,0.983,0.8915,0.80842,1.333,0.1,1.4404,1.333,0.1,1
1,0.983,0.8915,0.80842,1.333,0.1,1.4385,1.333,0.1,1
0.072,0.691,0.822,0.47475,4.4304,0.47475,1.5997,4.4304,0.47475,0
1,0.983,0.8915,0.80842,1.333,0.1,1.4385,1.333,0.1,1
0.989,0.99,0.8585,0.79548,1.2523,0.1,1.4617,1.2523,0.1,0
0.997,0.995,0.8805,0.80927,1.338,0.1,1.4617,1.338,0.1,0
0.999,0.998,0.8515,0.78753,1.2523,0.1,1.4856,1.2523,0.1,0
1,0.983,0.8915,0.80842,1.333,0.1,1.4385,1.333,0.1,1
0.329,0.895,0.2565,0.37184,0.1,0.50483,3.0754,0.1,0.50483,0
1,0.987,0.887,0.80501,1.333,0.1,1.4522,1.333,0.1,1
1,0.983,0.8915,0.80842,1.333,0.1,1.4385,1.333,0.1,1
1,0.983,0.8915,0.80842,1.333,0.1,1.4385,1.333,0.1,1
1,0.983,0.8915,0.80842,1.333,0.1,1.4385,1.333,0.1,1
1,0.983,0.8915,0.80842,1.333,0.1,1.4385,1.333,0.1,1
0.998,0.98,0.831,0.75706,1.1792,0.1,1.6051,1.1792,0.1,0
1,0.99,0.8715,0.80501,1.333,0.1,1.482,1.333,0.1,0
1,0.986,0.886,0.80501,1.3405,0.1,1.456,1.3405,0.1,1
1,0.983,0.8915,0.80842,1.333,0.1,1.4385,1.333,0.1,1
1,0.983,0.8905,0.80927,1.333,0.1,1.4404,1.333,0.1,1
1,0.983,0.8905,0.80927,1.3355,0.1,1.4404,1.3355,0.1,1
1,0.964,0.795,0.78215,1.1934,0.1,1.7107,1.1934,0.1,0
0.86,0.979,0.4625,0.81767,1.2903,0.1,2.6682,1.2903,0.1,0
1,0.983,0.8915,0.80842,1.333,0.1,1.4385,1.333,0.1,1
1,0.983,0.8915,0.80842,1.333,0.1,1.4385,1.333,0.1,1
1,0.987,0.879,0.80842,1.3405,0.1,1.4655,1.3405,0.1,1
1,0.983,0.8915,0.80842,1.333,0.1,1.4385,1.333,0.1,1
1,0.983,0.8915,0.80842,1.333,0.1,1.4404,1.333,0.1,1
1,0.983,0.8915,0.80842,1.333,0.1,1.4385,1.333,0.1,1
0.995,0.998,0.849,0.78574,1.2106,0.10432,1.5031,1.2106,0.10432,0
1,0.983,0.8915,0.80842,1.333,0.1,1.4385,1.333,0.1,1
0.998,0.985,0.866,0.78753,1.2644,0.1,1.4711,1.2644,0.1,0
1,0.983,0.8915,0.80842,1.333,0.1,1.4385,1.333,0.1,1
1,0.988,0.886,0.80329,1.3253,0.1,1.4464,1.3253,0.1,1
0.598,0.35,0.733,0.78753,1.3041,1.0375,5.8497,1.3041,1.0375,0
1,0.983,0.8905,0.80927,1.333,0.1,1.4404,1.333,0.1,1
1,1,0.7665,0.75418,1.2818,0.1,1.7294,1.2818,0.1,0
1,0.983,0.8905,0.81012,1.333,0.1,1.4424,1.333,0.1,1
1,0.989,0.8715,0.80243,1.3355,0.1,1.4802,1.3355,0.1,0
1,0.983,0.8905,0.80927,1.333,0.1,1.4424,1.333,0.1,1
1,0.983,0.8915,0.80842,1.333,0.1,1.4404,1.333,0.1,1
1,0.986,0.886,0.80501,1.338,0.1,1.4541,1.338,0.1,1
1,1,0.6055,1.0435,2.0538,0.2959,5.4617,2.0538,0.2959,0
1,0.976,0.8725,0.80415,1.3405,0.1086,1.52,1.3405,0.1086,0
1,0.993,0.859,0.80157,1.3095,0.1,1.4856,1.3095,0.1,0
1,0.986,0.8865,0.80501,1.338,0.1,1.4541,1.338,0.1,1
1,0.983,0.8915,0.80842,1.333,0.1,1.4385,1.333,0.1,1
1,0.995,0.8525,0.7902,1.2461,0.1,1.4856,1.2461,0.1,0
1,0.983,0.8905,0.80927,1.333,0.1,1.4385,1.333,0.1,1
1,0.987,0.8845,0.80329,1.3355,0.1,1.4579,1.3355,0.1,1
1,1,0.7695,0.75418,1.2818,0.1,1.6798,1.2818,0.1,0
0.997,0.997,0.8505,0.78574,1.2239,0.10432,1.4927,1.2239,0.10432,0
1,1,0.7665,0.74147,1.2818,0.1,1.6798,1.2818,0.1,0
1,0.994,0.7665,0.75418,1.2818,0.1,1.6798,1.2818,0.1,0
1,0.983,0.8915,0.80842,1.333,0.1,1.4385,1.333,0.1,1
1,0.983,0.8915,0.80842,1.333,0.1,1.4404,1.333,0.1,1
1,0.985,0.885,0.80672,1.343,0.1,1.4617,1.343,0.1,1
1,0.983,0.8915,0.80842,1.333,0.1,1.4385,1.333,0.1,1
0.998,0.989,0.8715,0.80243,1.3355,0.1,1.4802,1.3355,0.1,0
0.443,0.072,0.228,0.72531,5.3923,0.72531,6.5997,5.3923,0.72531,0
0.893,0.839,0.34,0.82591,1.1531,0.1,3.3625,1.1531,0.1,0
1,0.983,0.8915,0.80842,1.333,0.1,1.4385,1.333,0.1,1
1,0.983,0.8915,0.80842,1.333,0.1,1.4385,1.333,0.1,1
1,0.993,0.8565,0.78753,1.2673,0.1,1.456,1.2673,0.1,0
1,0.989,0.882,0.80757,1.3625,0.1,1.4729,1.3625,0.1,1
1,0.987,0.8715,0.80415,1.3227,0.1,1.4909,1.3227,0.1,0
1,0.881,0.345,0.75321,2.1212,0.1,4.2959,2.1212,0.1,0
0.989,0.995,0.873,0.81265,1.3455,0.1,1.4636,1.3455,0.1,0
1,0.983,0.8915,0.80842,1.333,0.1,1.4404,1.333,0.1,1
1,0.983,0.8915,0.80842,1.333,0.1,1.4404,1.333,0.1,1
1,0.983,0.8915,0.80842,1.333,0.1,1.4404,1.333,0.1,1
1,0.983,0.8905,0.80927,1.333,0.1,1.4404,1.333,0.1,1
1,0.983,0.8915,0.80842,1.333,0.1,1.4404,1.333,0.1,1
1,1,0.768,0.75418,1.2818,0.1,1.6798,1.2818,0.1,0
1,0.993,0.855,0.78753,1.2673,0.1,1.482,1.2673,0.1,0
1,0.983,0.8915,0.80842,1.333,0.1,1.4385,1.333,0.1,1
1,0.983,0.8915,0.80842,1.333,0.1,1.4385,1.333,0.1,1
1,0.988,0.863,0.78664,1.2761,0.1,1.4997,1.2761,0.1,0
0.428,0.796,0.1615,0.17188,0.87012,0.30683,3.876,0.87012,0.30683,0
1,0.983,0.8915,0.80842,1.333,0.1,1.4385,1.333,0.1,1
1,0.983,0.8915,0.80842,1.333,0.1,1.4404,1.333,0.1,1
1,0.983,0.8915,0.80842,1.333,0.1,1.4385,1.333,0.1,1
1,0.63,0.4965,0.2271,1.8846,0.1,4.2072,1.8846,0.1,0
1,0.983,0.8905,0.80927,1.333,0.1,1.4404,1.333,0.1,1
1,0.992,0.8775,0.80842,1.3625,0.1,1.4997,1.3625,0.1,1
1,0.983,0.8915,0.80842,1.333,0.1,1.4385,1.333,0.1,1
1,0.983,0.8905,0.80927,1.333,0.1,1.4404,1.333,0.1,1
0.984,0.976,0.841,0.82099,1.2271,0.1,1.7117,1.2271,0.1,0
0.951,1,0.6525,0.70531,1.4747,0.12531,2.017,1.4747,0.12531,0
1,0.983,0.8915,0.80842,1.333,0.1,1.4385,1.333,0.1,1
1,0.933,0.845,0.1,3.8931,0.1,6.4181,3.8931,0.1,0
0.993,1,0.221,0.85051,1.7599,0.1,2.4243,1.7599,0.1,0
1,0.983,0.8915,0.80842,1.333,0.1,1.4385,1.333,0.1,1
1,0.983,0.891,0.80927,1.333,0.1,1.4404,1.333,0.1,1
1,0.991,0.88,0.80757,1.3355,0.1,1.4766,1.3355,0.1,1
1,0.983,0.8915,0.80842,1.333,0.1,1.4385,1.333,0.1,1
1,0.985,0.8855,0.80501,1.3405,0.1,1.4579,1.3405,0.1,1
1,0.983,0.8915,0.80842,1.333,0.1,1.4385,1.333,0.1,1
1,0.983,0.8915,0.80842,1.333,0.1,1.4385,1.333,0.1,1
1,0.983,0.8915,0.80842,1.333,0.1,1.4385,1.333,0.1,1
0.196,0.319,0.4655,1.2239,3.4692,0.22385,0.59969,3.4692,0.22385,0
1,0.997,0.853,0.78842,1.2335,0.1,1.4802,1.2335,0.1,0
1,0.983,0.8915,0.80842,1.333,0.1,1.4385,1.333,0.1,1